,https://www.reddit.com/r/MtAugusta/comments/i96gm7/election_mayor_iv/,https://www.reddit.com/r/MtAugusta/comments/illys0/election_aimuaris_judge_seat/,https://www.reddit.com/r/MtAugusta/comments/ief3tt/election_robokaisers_judge_seat/,https://www.reddit.com/r/MtAugusta/comments/i8a2un/election_aimuaris_judge_seat/,https://www.reddit.com/r/MtAugusta/comments/gy354y/election_mayor_iii/,https://www.reddit.com/r/MtAugusta/comments/hd1437/election_judge_iii/,https://www.reddit.com/r/MtAugusta/comments/gczxcx/election_first_three_judges/,https://www.reddit.com/r/MtAugusta/comments/h8wjvg/election_imperatormendes_s_judge_seat/,https://www.reddit.com/r/MtAugusta/comments/gczm6c/election_mayor/,https://www.reddit.com/r/MtAugusta/comments/fli0iv/election_mayor/,https://www.reddit.com/r/MtAugusta/comments/fljw9c/election_special_dr_oracle_election/,https://www.reddit.com/r/MtAugusta/comments/fl85au/election_godomastas_judge_seat/,https://www.reddit.com/r/MtAugusta/comments/ekz65r/election_mayor/,https://www.reddit.com/r/MtAugusta/comments/eodujw/election_queenwarms_judge_seat/,https://www.reddit.com/r/MtAugusta/comments/f0vfm1/election_waffle4breakfasts_judge_seat/,https://www.reddit.com/r/MtAugusta/comments/ddb4el/election_mayor/,https://www.reddit.com/r/MtAugusta/comments/ddcnte/election_judge/,https://www.reddit.com/r/MtAugusta/comments/e7uict/election_dcheros_judge_seat/,https://www.reddit.com/r/MtAugusta/comments/ds4de3/election_azkedars_judge_seat/,https://www.reddit.com/r/MtAugusta/comments/bux0g2/election_mayor/,https://www.reddit.com/r/MtAugusta/comments/czegz7/election_dcheros_judge_seat/,https://www.reddit.com/r/MtAugusta/comments/avft8o/election_mayor/,https://www.reddit.com/r/MtAugusta/comments/c8gwsf/election_mayor/,https://www.reddit.com/r/MtAugusta/comments/bg0pat/election_diplomat/,https://www.reddit.com/r/MtAugusta/comments/boqfua/election_judge/,https://www.reddit.com/r/MtAugusta/comments/cezbrn/election_allenys_old_judge_seat/,https://www.reddit.com/r/MtAugusta/comments/bivczh/election_judge/,https://www.reddit.com/r/MtAugusta/comments/cld1db/election_azkedars_judge_seat/,https://www.reddit.com/r/MtAugusta/comments/c7h758/election_judge/,https://www.reddit.com/r/MtAugusta/comments/a1lpq0/election_mayor/,https://www.reddit.com/r/MtAugusta/comments/aqo3nw/election_judge/,https://www.reddit.com/r/MtAugusta/comments/b2n2wb/election_judge/,https://www.reddit.com/r/MtAugusta/comments/9wui99/election_judge/,https://www.reddit.com/r/MtAugusta/comments/aokimw/election_judge/,https://www.reddit.com/r/MtAugusta/comments/a1lqgu/election_judge/,https://www.reddit.com/r/MtAugusta/comments/ayukav/election_judge/,https://www.reddit.com/r/MtAugusta/comments/9bbai6/election_mayor/,https://www.reddit.com/r/MtAugusta/comments/9shr6y/election_judge/,https://www.reddit.com/r/MtAugusta/comments/9kx53z/election_mayor/,https://www.reddit.com/r/MtAugusta/comments/alip8o/election_judge/,https://www.reddit.com/r/MtAugusta/comments/96ta8j/election_judge/,https://www.reddit.com/r/MtAugusta/comments/9ovpa4/election_judge/,https://www.reddit.com/r/MtAugusta/comments/92vgel/election_judge/,https://www.reddit.com/r/MtAugusta/comments/9jyx5b/election_diplomat/,https://www.reddit.com/r/MtAugusta/comments/9dlvrd/election_judge/,https://www.reddit.com/r/MtAugusta/comments/8j1tuo/election_judge/,https://www.reddit.com/r/MtAugusta/comments/8mfgpx/election_mayor/,https://www.reddit.com/r/MtAugusta/comments/9bbgbj/election_judge/,https://www.reddit.com/r/MtAugusta/comments/8y5wet/election_judge/,https://www.reddit.com/r/MtAugusta/comments/9mkn8t/election_infrastructure_cup/,https://www.reddit.com/r/MtAugusta/comments/8cgdp7/election_judge_runoff/,https://www.reddit.com/r/MtAugusta/comments/8c0ddz/election_judge/,https://www.reddit.com/r/MtAugusta/comments/8mfgtk/election_judge/,https://www.reddit.com/r/MtAugusta/comments/8pgego/election_judge/,https://www.reddit.com/r/MtAugusta/comments/847f7b/election_diplomat/,https://www.reddit.com/r/MtAugusta/comments/847f7z/election_2_judges/,https://www.reddit.com/r/MtAugusta/comments/82slhi/election_judge/,https://www.reddit.com/r/MtAugusta/comments/82smfo/election_mayor/,https://www.reddit.com/r/MtAugusta/comments/7i02t4/election_mayor/
citylion1,[1. Citylion],[Isit],"[Azkedar, he has immense experience!]",[1. Aimuari !],"[1. Ice

Honorable Mentions:

- Dan

- Prof

- ProgramMC

- HenryDraton]",,"[1. Aimuari

2. Supa 

3. Kingcold (tremendous party member)

4. Xcios

5. Imperator (I have met this man once, but I think he would make a fine judge)]",,[Downvoting on a thread sorted by new makes you a giant nerd],"[I've decided to vote for DCHERO.

1. DCHERO

2. Gantoe

3. Jovaz

4. Midnight

5. SandFalls

6. R3Y

7. Mokou

8. Topher

9. Ahri]",,,,"[I love specific and I hope that he stays for the fun in MTA. Heâ€™s historically done a great job at whatever heâ€™s put his mind to. With that said Iâ€™m going to be voting for City Solicitor Mokou, who has been critically analyzing our laws with the government for the past 3 months.

1. Mokou 

2. Specific 

3. ~~Sun~~HanTzu]",,"[1. Citylion

2. My good friend R3Y_J04N, god bless, we have worked together in three governments for almost three years now. 

3. SandFalls]",,[Godomasta],,[Citylion],"[My old comrade D. Chero

Sorry Raven, me and DC go back pretty far on this iteration and I don't think I could really live with myself if I didn't vote  for him.]",[1. Citylion],,"[Oracle, Microsoft, Gantoe]",,[D. CHERO],"[1. Azkedar

2. Bro Baes

3. Chairman ~~Mao~~ SimpleBastard]",[Azkedar],,"[1. Citylion 

2. HenryDraton
]","[~~i6olden~~

Godogang godogang godogang 

Edit: AllenY
Godogang godogang godogang]",,[1. Azkedar],"[1. DCHERO 

2. General Stardarkness

3. AllenY ]",,,"[1. ProgramMC (/u/ProgramMC) 

2. HenryDraton (/u/HDraton )

3. jecowa (/u/jecowa)

4. C4mmo (/u/Your_Mothers_Dildo_)

5. Raven/Bienenkoenigin (/u/RavenMC_)

6. Godomasta (/u/Godomasta)

7. Gantoe (/u/davsn)

8. KingCold64 (/u/Fladeedledoddle)

9. Shadow516 (/u/MajesticGuess)

10. Greenkitten (/u/Greenkitten)

11. DrChingChongUn (/u/EliteDuck)]",[Citylion],"[The most optimal choice: HenryDraton

The second most optimal choice: Scramble

1 (3). ComradeNick

2 (4). Godomasta

]",,"[1. Rakkwal

2. Jecowa

3. Crimeo]","[Hantzu

Azkedard]",,"[1. Gantoe

2. Daelvn]","[1. Asakuun

2. KingCold64

3. Puppyface08 ]",[citylion],"[Ranking of all candidates:
Henry > Kdeeks > Ahri > Gantoe > Droid > Dog > Bird > Figasaur > KingCold]","[1. lockeddoor 

2. Crimeo

3. KingCold]",,[Specificlanguage ],[Muffinbomb97],"[Although C4Mmo would make a great judge, I know Muffin would too. I have thought long and hard about this. I might change my vote before the period ends, we'll see. ~~For now, I vote for muffinbomb97.~~ Okay, I said I was voting for Muffin but I've decided that we should let C4Mmo have a try at being judge. If another position ever opens up I think I'll be pretty likely to vote for Muffin. I vote for C4Mmo]",[1. citylion 2. Jecowa 3. SwissAndHam 4. Gavjenks ],,,,,,
HanTzu_Civcraft,[Citylion],,[Vah],,,,,,,,,,,,,,,,,,,,,,,,,,,,,,,,,,"[ProgramMC  
Jecowa  
Greenkitten  
C4mmo  ]",,,,"[1. Rakkwal  
]","[1) HanTzu  
2) azkedar  
3) greenkitten  
4) guiltbot2  
  
---  
  
The others didn't bother to participate in the debate so :/  ]",,,,,,,,,,,,,,,,,
ImperatorMendes,"[1. Robokaiser
2. Citylion]",,[Azkedar],[1. Aimuari],"[1. Xkevio
2. Crackerjack]",[1. Robokaiser],"[1. ImperatorMendes
2. Aimuari
3. Dama]","[1. ImperatorMendes
2. Robokaiser <3]","[1. Topher
2. Citylion
3. Icypenguin79]",,,,,,,,,,,,,,,,,,,,,,,,,,,,,,,,,,,,,,,,,,,,,,,,,,
ImRainwater,"[1. Citylion
2. xkevio]",,,,,,"[1. Dama
2. Robokaiser
3. Aimuari]",,,,,,,,,,,,,,,,,,,,,,,,,,,,,,,,,,,,,,,,,,,,,,,,,,,,
iakwai,[robokaiser],[DarkyDu],,,,,,,,,,,,,,,,,,,,,,,,,,,,,,,,,,,,,,,,,,,,,,,,,,,,,,,,,
robokaiser,"[1. Robokaiser

2. Citylion]",,,[1. Aimuari],,"[1. Robokaiser

2. Citylion

3. Xcios]","[[Gamephobic votes for Robokaiser](https://gyazo.com/d80a528a59f878566dc0f62c1b05d5c6)

Boris doesn't use reddit so I've been posting their votes via images]",,"[[spacejeanss votes for Citylion](https://media.discordapp.net/attachments/690899972035444746/706930686988124311/image0.png)

Boris does not like reddit so this is how theyâ€™re voting.]",,,,,,,,,,,,,,,,,,,,,,,,,,,,,,,,,,,,,,,,,,,,,,,,,,
xkev320x,[1. Robokaiser],,,,[1. xkevio],"[1. Robo
2. Xcios]","[1. Aimuari
2. Mendes
3. Robokaiser]",,"[1. Topher
1. Citylion
1. Ice]",,,,,,,"[1. Citylion
2. SandFalls
3. R3Y_J04N
4. Square
5. DroidJoe]","[1. Smal
2. KingCold65
3. waffle4breakfast]",,,,,,,,,,,,,,,,,,,,,,,,,,,,,,,,,,,,,,,,,,
minemanpvper,"[1. citylion
2. xkevio]",,,,,,"[1. supahot
2. robo
3. aimuari]",,"[1. citylion
2. topher]",,,,,,,,,,,,,,,,,,,,,,,,,,,,,,,,,,,,,,,,,,,,,,,,,,
CrackerJack7209,"[a) citylion

b) xkevio]",[Isit],[Azkedar],[Aimuari],"[1. CRACKERJACK
2. xkevio]","[i. Robokaiser

ii. Xcios

iii. citylion]","[1. Aimuari
2. Robokaiser
3. Dama]",,[1. Topher],,,,,,,,,,,,,,,,,,,,,,,,,,,,,,,,,,,,,,,,,,,,,,,,,,
scramble0,"[1. Citylion  

2. Robokaiser  

3. Vendetta]",[isit it is!],,,"[Xkevio - finish the roads!

 Icypenguin79  - finish the metro!

 Crackerjack  - are you really running?

go MtA!]",,"[1. SupaHot\_Fire ([/u/Dama](https://www.reddit.com/u/Dama/) )
2. Aimuari ([/u/aimuari\_](https://www.reddit.com/u/aimuari_/))
3. ImperatorMendes ([/u/imperatormendes](https://www.reddit.com/u/imperatormendes/))]",,"[1.  topher3001 
2.  Icypenguin79]",,,,"[1. Citypedeleon

2.   R3Y\_J04N 

3.  Thraldrek]","[1. Mokou 

2. specificlanguage]",,"[1. Citylion 

2. R3Y_J04N

3. Square 

comments:

DroidJoe - Why that fuck are you running?

Sandfell - stop being such a commie <3]",,,,[Citylion],,"[Citylion 

Gantoe 

C4mmo ]",,,,,,,,"[Citylion

https://i.imgur.com/plYFBX3.jpg]",,,"[1. azkedar

2. baes20]",,"[ComradeNick

]",,,"[1. Citylion

2. azkedar 

3. Aimuari]","[1st option: ComradeNick 

2nd: Rakkwal 

ComradeNick is the only one moderately+ active, has been a dual citizen for a long time that stood by us when needed, and the only one with a meaningful proposal for the future.

Rakkwal also been a citizen for a long time but is activity ingame is poor besides when needed for political/pvp situations which is always welcome and undoubtedly appreciated. Major contributions are being active on discord, subreddit as Judge, and an old trusted member of MtA.

I can not name anyone else for one or more reasons:

Their lack of activity, loyalty, awareness and/or usefulness.

]","[1. Citylion
2. DCHERO]",,"[1 HanTzu 

2 ZachAttack 

3 azkedar ]",,,,,,,,,,,,,,,,,[I vote for Blockbuster]
VespasianMC,"[1. Robokaiser

2. Citylion]",,"[1. Vespasian
2. iakwai]",[1. Aimuari],,,,,,,,,,,,,,,,,,,,,,,,,,,,,,,,,,,,,,,,,,,,,,,,,,,,,,,
Vend3tta__,"[1.Robokaiser

2. Citylion

&#x200B;

With this I also drop out of the race and fully endorse Robokaiser! :)]",[Isit],[Vespasian],[1. Aimuari],,,,,,,,,,,,,,,,,,,,,,,,,,,,,,,,,,,,,,,,,,,,,,,,,,,,,,,
hayhayluke,[bacon],,,,[1. xkevio],,"[1. mendes  
2. xcios  
3. aim]","[1. ImperatorMendes  
2. Robokaiser]","[1. topher
2. ice]","[1. Alberta  
2. British Columbia
3. Ontario  
4. Saskatchewan  
5. the other ones]","[1. FalscherRVN  
2. Pamplemousse]",,,[Aye],,"[1. Citylion  
2. SandFalls  
3. R3Y\_J04N  
4. Squareblob  
5. DroidJoe]","[1) Smal  

2) KingCold65  

3) waffle4breakfast]",,,,"[1. Raven
2. DCHERO]",,,,,,,,,"[1. Godomasta
2. Citylion]",,,[AZKEDAR],,,,,,,,,,,,,"[1. Rakkwal
2. Citylion
3. DroidJoe
4. Higgenbottoms
5. KingCold64]","[1. Ahrimanne
2. Gantoe_
3. HenryDraton
4. Kdeeks
5. Figasaur
6. DroidJoe
7. Colada
8. Mikey
9. KingCold ]",,,,,[I would vote c4mmo but I cant vote],"[1. Swiss
2. Jecowa
3. Droid
4. Gavjenks
5. Citylion]",,,,,,
Slushhi1,[1. robokaiser],,[azkedar],[aim],,,,,,,,,,,,,,,,,,,,,,,,,,,,,,,,,,,,,,,,,,,,,,,,,,,,,,,
gordona22,[topher3001],,,,"[1. xkevio
2. Ice]",,"[1. Xcios
2. ImperatorMendes
3. Aimuari]",[1. ImperatorMendes],"[1. Topher
2. Ice
3. Citylion]",,,,,,,,,,,,,,,,,,,,,,,,,,,,,,,,,,,,,,,,,,,,,,,,,,
TrofimS,"[1. robokaiser
2. not citylion]",,,,,,,,,,,,,,,,,,,,,,,,,,,,,,,,,,,,,,,,,,,,,,,,,,,,,,,,,,
cherrylaser2000,[citylion],,,,"[1) Xkevio
2) CRACKERJACK]",,"[1) Supa_Hot_Fire
2)Aimuari
3)Robokaiser]",,[Citylion],,,,,,,,,,,,,,,,,,,,,,,,,,,,,,,,,,,,,,,,,,,,,,,,,,
Aimuari_,[Robokaiser],,,[1: Aimuari],"[1: Xkevio

2: IcyPenguin

Best of luck to all of the candidates.]","[1: Robo    
2: Xcios    
3: Citylion]","[1: Aimuari

2: Robokaiser 

3: Dama

Rationale: Although Robokaiser and I have had disagreements in the last few days, including issues concerning the fundamental interpretation of the constitution, I know Robokaiser to be a fair, calm, level-headed, logical, and honorable man. As such, I am happy to give him my second vote.

Dama has demonstrated to me in the last few days that he is honorable, a team player, fair, active in the community, and has a reliable history in Mount Augusta. I satisfied in my ranking of these two candidates, and I will happily serve either with them as a co-judge, or under them as a citizen.

Best of luck and best wishes to all the candidates, including those I did not vote for.

ttk2 bless Mount Augusta]",,"[1: Citylion

2: Topher

3: IcyPenguin

ttk2 bless Mount Augusta]",,,,,,,,,,,,,,,,,,,,,"[1. Citylion

2. ChrisChrispie

3. Centi

4. Greenkitten

5. Godomasta]",,,,,"[ComradeNick

crimeo

guiltbot2 (one of these days, you'll make it)

DCHERO

Greenkitten

F1sh98

callum


]",,"[Greenkitten

Jecowa    
Godo

Gantoe

Raven
Shadow516    
C4mmo

KingCold    
ProgramMC

ChingChong

HenryDraton]","[1: Citylion    
2: Aimuari    
3: guiltbot    

No preference beyond]","[Nick    
Rakk    
Godo    

Obviously I have to vote Nick in first. It was a tough choice between Rakk and Godo for 2. No preference beyond that.]",,"[1. Rakkwal -- Competent, impartial
2. jecowa -- Involved in the community, though I haven't seen him enough in-game to make a personal judgement.
3. Crimeo -- He was present
4. GuiltBot2 -- Literally who?
5. Cr0codile -- This is the consolation spot. If I thought you had a chance in hell of winning, I'd put you first. Everything below you is a meme.
6. DrChingChongUn -- I didn't think that pearled players could run for office.
7. Higgenbottoms -- Conspiracy theory: Higgen is actually a Hobbyist alt that he uses to launder legal posts so it doesn't look like the entire MtA legal system is just one guy suing everyone.]","[1: HanTzu    
2: Aim    
3: Zach]","[1. Aimuari
2. Godomasta
3. ChingChongUn
4. Crimeo
5. WPLibrar]","[GreenKitten

Fig

Gantoe

Daelvn

Crustifer]","[Asakuun

Smal

Greenkitten

Aimuari]","[1. Citylion
2. Rakkwal
3. - 5. No preference]",,,"[1. Cr0codile
2. DroidJoe
3. Cheeto
4. WrongAardvark
5. Godomasta]",,,,,"[1: KingCold64    
2: Crimeo    
3: DroidJoe    
Discussion: I am voting in line with accelerationism. It's funny -- KingCold and then Crimeo are by far awful candidates, but KingCold appears to be winning anyway. Huh.]",,,,,
TheJmqn,"[1. citylion
2. xkevio]","[how could someone who is pearled be judge?  
1. isit2004

2. gantoe

3. darkydu]",,[aimurai or bust],,"[1. gantoe (we dont deserve gantoe)
2. xcios
3. citylion]","[1. ImperatorMendes
2. Aimuari
3. Gantoe (honestly the best candidate) 
4. Robokaiser]",,[citylion!],,,,,,,,,,,,,,,,,,,,,,,,,,,,,,,,,,,,,,,,,,,,,,,,,,
ImKicky,[1. Citylion],,[Azkedar],,,[1. Robokaiser],"[1. Robokaiser
2. Dama
3. N/A]",,,,,,,,,,,,,,,,,,,,,,,,,,,,,,,,,,,,,,,,,,,,,,,,,,,,
Coo_Coo12,[1.Citylion],,,,,,,,,,,,,,,,,,,,,,,,,,,,,,,,,,,,,,,,,,,,,,,,,,,,,,,,,,
pds12345,"[1) Citylion

2) Robokaiser

3) Xkevio]",,"[1: Vespasian

2: Azkedar

3: VAH]",,,,"[* Aimuari
* Robokaiser
* Xcios]",,"[* CityLion
* Topher
* Icypenguin]",,,,,,,,,,,,,,,,,,,,,"[CITYLION

CENTI

GREENKITTEN

GODOMASTA]",,,"[azkedar

Greenkitten

Cr0c

Baes20

guiltbot2

MajesticGuess]",,[crimeo],,"[Raven

Jewcowa

Gantoe

GreenKitten

HenryDraton
]","[Citylion

Aimuari

Greenkitten

Cr0c

Guiltbot

azdekar

mazz]","[Comradenick

Rakkwal

Iedomatsdraugs

Greenkitten

Godomasta

Spacevolcano]",,,"[1) HanTzu

2) Aimuari

3) greenkitten

4) guiltbot2]",,[Gantoe],,"[1st - /u/citylion1

2nd - /u/ChiefEagle

3rd - /u/Rakkwal

4th/5th idc]","[1. HenryDraton

2. Kdeeks

3. DroidJoe

4. Ahri

5. Gantoe_

6. Fig

7. KingCold]",,,,[Muffinbomb97],,"[1. CityLion

2. Jecowa

3. SwissAndHam

4. DroidJoe

5. GavJenks]",,,,,,
gingerale7,"[1. citylion
2. xkevio]",,"[1. azkedar
2. vah]",,"[1. Crackerjack 
2. N/a
3. N/a]",,"[1. Robo
2. Dama
3. Aimuari]",,[Topher],,,,,,,,,,,,,,,,,,,,,,,,,,,,,,,,,,,,,,,,,,,,,,,,,,
DanielEksNein,"[1. citylion

2. Robokaiser]",,,,,,,,,,,,,,,,,,,,,,,,,,,,,,,,,,,,,,,,,,,,,,,,,,,,,,,,,,
Anarcho_tuga,[Citylion],,,,[1. xkevio],[1. Xcios],"[1. Xcios
2. Imperator]",[1. ImperatorMendes],[1. Topher],"[1. Topher3001
2. Mokotan
3. R3Y_J04N
4. Midnight_Jack
5. DCHERO
6. Ahrimanne
7. Jovaz
8. waffle4breakfast
9. TheOrangeWizard]",,,"[1. Citylion 
2. Thraldrek
3. R3Y_J04N]",[specificlanguage],,"[1. Citylion
2. SandFalls
3. R3Y\_J04N
4. Square
5. DroidJoe]","[1. Smal
2. KingCold65
3. waffle4breakfast]",,,,"[1. Raven
2. DCHERO]",,,,,,,,,,,,,,,,,,,,,,,,,,,,,,,,,,,,,,
GamePhobic,[robokaiser],,,,"[1.	crackerjack
2.	xkevio]",,,,,,,,,,,,,,,,,"[Pirater, C4mmo, squareblob]",,,,,,,,,[Pirater],"[pirater, gamephobic, waffleforbreakfast]",,,,,,,,,,,,,,,,,,,,,,,,,,,
EapnFygY,"[Citylion

Lapis\_lazuli\_hoe]",,,,,,,,,,,,,,,,,,,,,,,,,,,,,,,,,,,,,,,,,,,,,,,,,,,,,,,,,,
LanniMC,[1. citylion],,,,[1. xkevio],,"[1. Aimuari 
2. Xcios]",,[topher3001],,,,,,,,,,,,,,,,,,,,,,,,,,,,,,,,,,,,,,,,,,,,,,,,,,
Curdled-choccy-milk,"[hey thomasih founder here, not perma banned from realms just for 12 months (11 months left)

1) v3ndetta

2)robokaiser

3)xkevio

4)Iakwai]",,[ðŸ˜…ðŸ˜…ðŸ˜…ðŸ˜ðŸ˜],,"[1) xKevio (he shares my views on womens rights)
2) Crackerjack (has gross liberal opinions on women's rights)]",,"[RoboKaiser

Kingcold]",,[1. Topher3001],,,,,,,,,,,,,,,,,,,,,,,,,,,,,,,,,,,,,,,,,,,,,,,,,,
azkedar_,"[1) Citylion

2) Robokaiser

... Because elections are more interesting when they are close.]",,,[1. Aimuari],,,,,,,,,,,,"[1. Square 

2. City]","[1. Kick

2. Smal

3. Waffle]",,,"[1. Squareblob
2. Citylion
3. Gregy]","[1. DCHERO
2. FalscherRVN]","[1. squareblob
2. citylion

^I'm ^sorry, ^citylion.]",,"[1 - Dr_Oracle

2 - Gantoe

3 - Armpits

NB: Edited after a particularly persuasive discussion with another citizen.]","[1. AllenY

2. Kick

3. Gregy]",,,,,"[1. Godomasta
2. Citylion
3. Centi
]",[AllenY],"[1. Dchero 

2. Waffle

]",[azkedar],,[crimeo],[azkedar ],,,,,,,,,,,,,,,,,,,,,,,
RealJohnFoogotti,[1. Robokaiser],,[1. Vah],,,,"[1. Robokaiser
2. N/A
3. N/A]",,[1. Topher],,,,,,,,,,,,,,,,,,,,,,,,,,,,,,,,,,,,,,,,,,,,,,,,,,
Yellofishy,[robot kaiser],,,,,,[Down with CivRealms!],,,,,,,,,"[1. Square
2. Sand
3. R3Y]","[1. Waffle
2. Smal]",,,,,,,,,,,,,,,,,,,,,,,,,,,,,,,,,,,,,,,,,,
Envoy_of_Trinacria,"[1. citylion
2. citylion
3. citylion
4. citylion
5. citylion]",,,,"[1. xkevio
2.]",,"[1. Supa\_Hot\_Fire,
2. Aimuari
3. Xcios]",,,,,,,,,,,,,,,,,,,,,,,,,,,,,,,,,,,,,,,,,,,,,,,,,,,,
kwizzle,,[Isit],,[1. Aimuari],"[1. Xkevio
2. Ice]","[1: Robo  
2: Xcios  
3: Citylion]",[1. Aimuari],[1. ImperatorMendes],"[1. Citylion  
2. Ice]",,,,,,,,,,,,,,,,,,,,,,,,,,,,,,,,,,,,,,,,,,,,,,,,,,
Jonpachi,,[Isit],[Azkedar],,,,,,,,,,,,,,,,,,,,,,,,,,,,,,,,,,,,,,,,,,,,,,,,,,,,,,,,
isit2003,,[Isit2004],,,,,,,,,,,,,,,,,,,,,,,,,,,,,,,"[AZKEDAR

Not registered to vote,still want to shout his name.]",,,,,,,,"[1. Rakkwal
2. Higgenbottoms
3. Crimeo
4. Guiltbot2
5. Jecowa
6. Cr0c0dile
7. DrChingChongUn]",,"[1. Godomasta
2. WPLibrar
3. Crimeo
4. Aimuari
5. ChingChongUn]",,,,"[1. Ahrimanne
2. Gantoe_
3. Colada
4. Mikey
5. HenryDraton
6. Figasaur
7. Kdeeks
8. KingCold64
9. DroidJoe]",,"[1. DroidJoe
2. Cheeto
3. Godomasta
4. Cr0codile]",,,,,,,,,,
VirtualCatgirl,,[DarkyDu],,,,,,,,,,,,,,,,,,,,,,,,,,,,,,,,,,,,,,,,,,,,,,,,,,,,,,,,,
masterful921,,,[Azkedar],,,,,,,,,,,,,,,,,,,,,,,,,,,,,,,,,,,,,,,,,,,,,,,,,,,,,,,,
ComradeNick,,,,[1. Aimuari],,,"[1. Aimuari

2. Dama

3. Xcios]","[1. ImperatorMendes

2. Robokaiser]","[1. topher

2. ice]",,,,,,,,,[would this be a bad time to swoop in and be a dark horse michael bloomberg type candidate],,,,,,,,,,,,"[1. Citylion

2. ChrisChrispie

3. Centi

4. Greenkitten

5. Godomasta]",,,[Azkedar],,"[1. ComradeNick

2. DCHERO

3. Greenkitten

4. Crimeo

5. Callum

6. F1sh
]",,,"[1. Citylion

2. Aimuari

3. Mazznoff

4. Azkedar

]","[ComradeNick

Godomasta

Rakkwall

IedomatsDraugs

SpaceVolcano

Greenkitten
]",,"[1. Crimeo 

2. Jecowa 

3. Cr0codile 

4. Rakkwal 

5. Guiltbot

6. Higgenbottoms 

7. DrChingChongUn 
]","[1. HanTzu

2. Zach

3. Aimuari

4. Thomasih

5. Greenkitten

6. Azkedar

7. Guiltbot

]","[1. Aimuari

2. Crimeo

3. DrChingChongUn

4. WPLibrar

5. Godomasta]","[Gantoe

Greenkitten

Figasaur

Daelvn

Quinn]",,[Citylion],,,"[1. Cr0codile

2. DroidJoe

3. Gantoe

4. Cheeto

5. WrongAardvark

6. Godomasta]",,[c4mmo],[Muffinbomb97],"[1) Citylion

2) Crimeo

3) Jecowa

4) DroidJoe

5) SwissandHam]","[Crimeo, KingCold, Droid (they're all good choices tbh)]",[C4Mmo],[muffinbomb97 and Rakkwal],,,"[/u/LilBubby and everyone, I'm actually dropping out of this election because I am being considered for the position of Wholly Jaded Emperor. Best of luck to Ahri!]"
gregy165,,,,,[Oh god bless make cracker fack mayor],,,,,,,,,,,,,,,,,,,,,,,,,,,,,,,,,,,,,,,,,,,,,,,,,,,,,,
DankestLordBB-8,,,,,[1. xkevio],"[1. Xcios
2. Citylion
3. Robokaiser]","[1. Imperator Mendes
2. Xcios
3. Aimuari]",[1. Imperator Mendes],[1. Topher],,,,,,,,,,,,,,,,,,,,,,,,,,,,,,,,,,,,,,,,,,,,,,,,,,
Xeoxias,,,,,[1. Xkevio],"[1. Xcios
2. Citylion
3. Robo]",[1. Xcios (ign MemeNeme)],[1. ImperatorMendes],"[Ice,
Topher,
Citylion, that order (ign MemeNeme)]",,,,,,,,,,,,,,,,,,,,,,,,,,,,,,,,,,,,,,,,,,,,,,,,,,
Icypenguin79,,,,,[1. Ice],"[1: Xcios
2: Robo
3: City]","[1. Xcios
2. Dama
3. Aimuari]",,"[1. ice
2. topher]",,,,,,,,,,,,,,,,,,,,,,,,,,,,,,,,,,,,,,,,,,,,,,,,,,
Jason_Bord,,,,,"[1.	Xkevio
2.	icypenguin]",,"[1.	Aimuari
2.	SupaHotFire
3.	ImperatorMendes]",,"[1.	Topher
2.	citylion]",,,,,,,,,,,,,,,,"[1.	AllenY
2.	Kick]",,[Azkedar],,,,,,,,,,,,,,,,,,,,,,,,,,,,[Ahrimanne],[Muffinbomb and Rakkwal],[Rakkwal],[ProgramMC],
0saladin0,,,,,"[1. xkevio

2. Icypenguin79

3. CRACKERJACK]","[1. Robokaiser
2. Xcios
3. Citylion]","[1. ImperatorMendes
2. Aimuari
3. CoolYourJets/KingCold64/Kick]","[1. ImperatorMendes
2. Robokaiser]","[1. Topher3001
2. Icypenguin79
3. Citylion]","[ 

1. Ahrimanne
2. Topher3001
3. R3Y\_J04N
4. SandFalls
5. Mokotan
6. Midnight\_Jack
7. TheOangeWiard
8. waffle4breakfast
9. Jovaz]","[1. Thraldrek
2. Squareblob
3. Dr_Oracle
4. Orange-wizard
5. Ahrimanazu
6. Falvyu
7. Lodish
8. Brinton
9. R3Y_J04n
10. Jaymes
11. Mike0war
12. Meow - Asshole-in-Chief
13. Peter5930
14. Reffelruz
15. SerQwaez
16. Voyevode
17. Lord_Pericorp
18. PergySkeel

Thank you for the opportunity and privilege to vote. This took a little while on mobile, but I hope it does the job just fine.]","[1. specificlanguage
2. citylion]","[1. Thraldrek
2. R3Y_J04N
3. Citylion]",[Aye],,,,,,,,,,,,,,,,,,,,,,,,,,,,,,,,,,,,,,,,,,,,,
Simply_Pucker,,,,,"[1. xKevio
2. Crackerjack]",,,[1. imperatormendes],,,,,,,,,,,,,,,,,,,,,,,,,,,,,,,,,,,,,,,,,,,,,,,,,,,
Orange-wizard,,,,,[1. orange wizard],,,,,"[1. topha time

2. topha time

3. roy jean

4. topha time]",[pamplemousse],,"[1. Thraldrek

2. specificlanguage

3. TheOrangeWizard]",[specificlanguage],,"[1. Citylion

2. R3Y_J04N]",,,,,,,,,,,,,,,,,,,,,,,,,,,,,,,,,,,,,,,,,,,
TheXcios,,,,,,"[1: Xcios  
2: Citylion  
3: Robokaiser]","[1. Xcios
2. Aimuari 
3. Mendes]",,"[1. Icypenguin76
2. Topher]",,,,,,,,,,,,,,,,,,,,,,,,,,,,,,,,,,,,,,,,,,,,,,,,,,
dasvn,,,,,,,[Gantoe],,[Gantoe],[G A N T O E V O T E S G A N T O E],,,,,,,,,,,,[Gantoe and prof],[Gantoe],[Gantoe],,,,,,[Gantoe],,,[citylion],[Xavier ],,,[ONE VOTE FOR GANTOE BUT AS THE HEAD OF MTAPD MY VOTE IS WORHT 45 VOTES ],,[Gantoe ],[City],[Iâ€™ve extorted rakkwal via robbery have down right murdered criemo bombed jecowa and croc have murdered higgens and Iâ€™m the head of the MTAPD appointed by ahrimane Iâ€™m the police of chief],,,,,,[gantoe Gantoe GANTOE],,[Gantoe ],,,,,,,,,,
Taytoes,,,,,,,"[1. ImperatorMendes
2. Supa_Hot_Fire
3. CoolYourJets]",,,,,,,,,,,,,,,,,,,,,,,,,,,,,,,,,,,,,,,,,,,,,,,,,,,,
civ_Auctorus,,,,,,,"[1. ImperatorMendes 
2. Aimuri
3. Xcios]",,"[1. Ice
2. Topher]",,,,,,,,,,,,,,,,,,,,,,,,,,,,,,,,,,,,,,,,,,,,,,,,,,
Remall,,,,,,,"[1. ImperatorMendes

2. Aimuari

3. Supa_Hot_Fire]",,,,,,,,,,,,,,,,,,,,,,,,,,,,,,,,,,,,,,,,,,,,,,,,,,,,
Siph_c,,,,,,,"[1. mendes
2. robo
3. aimuari]",,"[1. Topher3001
2. citylion]",,,,,,,,,,,,,,,,,,,,,,,,,,,,,,,,,,,,,,,,,,,,,,,,,,
kisokiii,,,,,,,[This is bean/1_800 and I vote for Robokaiser.],,[This is bean/ 1_800 and I vote for Topher.],,,,,,,,,,,,,,,,,,,,,,,,,,,,,,,,,,,,,,,,,,,,,,,,,,
WorldCop,,,,,,,"[1. Robokaiser
2. Dama]",,,,,,,,,,,,,,,,,,,,,,,,,,,,,,,,,,,,,,,,,,,,,,,,,,,,
Fladeedledoddle,,,,,,,"[1. Aimuari
2. Xcios
3. Robokaiser]",,"[1. Topher
2. Ice]",,,,,,,"[1. Squareblob
2. CityLion
3. r3yjoan
4. SandFalls

After spending time thinking about what MtA needs right now, I think maintaining a positive relationship with as many people as possible is the goal, and unfortunately citylion has a negative enough relationship with Mir to dissuade me.]","[1. Kingcold64
2. Smal
3. Waffleforbreakfast]",,,,,,,,,,,,,,,,,,,,,,,,,,"[1. Godomasta
2. Crimeo
3. WPLibrar
4. Aimuari]",,,[Rakkwal],,,,,[muffinbomb97],[MuffinBomb97],,,,,,,
WNS2,,,,,,,"[1. Xcios
2. Imperator Mendes
3. Aimuari]",,"[1. Topher
2. Icypenguin79]",,,,,,,,,,,,,,,,,,,,,,,,,,,,,,,,,,,,,,,,,,,,,,,,,,
VastInfiniteNet,,,,,,,"[1. SupaHot_Fire
2. ImperatorMendes
3. Aimuari]",,,,,,,,,,,,,,,,,,,,,,,,,,,,,,,,,,,,,,,,,,,,,,,,,,,,
The_Relyk,,,,,,,"[1) Aimuari
2) Imperator Mendes
3) Dama]",,[Topher],,,,,,,,,,,,,,,,,,,,,,,,,,,,,,,,,,,,,,,,,,,,,,,,,,
itspodly,,,,,,,"[1. Mendes

2. Coolyourjets

3. Xcios]",,,,,,,,,,,,,,,,,,,,,,,,,,,,,,,,,,,,,,,,,,,,,,,,,,,,
tvman2,,,,,,,"[1. KingCold64
2. Robokaiser
3. SupaHot_Fire]",,,,,,,,,,,,,,,"[Citylion

Squareblob

C4mmo

Rakkwal

R3Y_joan

Pirater

Gantoe]",,,,,,,,"[1.Centi

2.Godomasta

3.Citylion

4.Greenkitten

5.Chrischrispie
]",,,"[1.azkedar

2.Baes20

3.guiltbot2

4.MajesticGuess

5.Greenkitten

6.Cr0c
]",,"[Crimeo
]",,"[Godomasta

ProgramMC

HenryDraton

KingCold64

C4mmo

Raven

Gantoe

Jecowa

Shadow516

DrChingChongUn

Greenkitten]",,"[1.Godomasta

2.Rakkwal

3.SpaceVolcano

4.ComradeNick

5.Greenkitten 
]",,,,,,,,"[Ahrimanne

HenryDraton

DroidJoe

Figasaur

KingCold64

Kdeeks

Gantoe_

Mikey

Colada]","[KingCold64

Crimeo

lockeddoor

Aimuari

Guiltbot2 

Greenkitten

Cr0codile]",[I am withdrawing my vote in this election.],,"[Muffinbomb, I believe he will end up being the candidate most suited to a judicial position.]",[Muffinbomb],"[
1.SwissAndHam


2.Citylion


3.Gavjenks


4.Jecowa


5.DroidJoe

]",,[Ahrimanne],[Rakkwal The_Hobbyist],[Tvman],[ProgramMC],[I vote for Ahri]
Maddest_Lad123,,,,,,,"[1. Robokaiser
2. Aimuari
3. SupaHot\_Fire (Dama)
4. ImperatorMendes
5. Xcios]",,"[1. citylion
2. topher3001
3. Icypenguin79]",[I vote for Topher3001],,,,,,,,,,,,,,,,,,,,,,,,,,,,,,,,,,,,,,,,,,,,,,,,,
myoldrobloxnamestuck,,,,,,,"[1. Xcios
2. ImperatorMendes
3. Aimuari]",,[1. Topher3001],,,,,,,,,,,,,,,,,,,,,,,,,,,,,,,,,,,,,,,,,,,,,,,,,,
Red-coffee,,,,,,,"[1.Xcios

2.Imperator

3.Aimuari]",,[Topher],,,,,,,,,,,,,,,,,,,,,,,,,,,,,,,,,,,,,,,,,,,,,,,,,,
TheGamingGuy2,,,,,,,"[1. Xcios
2. Imperator
3. Aimuari]",,"[1. Topher3001
2. Ice
3. citylion]",,,,,,,,,,,,,,,,,,,,,,,,,,,,,,,,,,,,,,,,,,,,,,,,,,
heirloomwife,,,,,,,[aim robo robo],,[vopher],,,,,,,,,,,,,,,,,,,,,,,,,,,,,,,,,,,,,,,,,,,,,,,,,,
Dama_,,,,,,,"[1. Supa \_Hot\_Fire/Dama
2. Robokaiser
3. Aimuari

Aimuari has worked hard to put together our new Constitution; I can't think of anyone to be a better arbiter of it than one of its primary constituents. Please vote Aimuari.

&#x200B;

While Aimuari has put together the new Constitution, Robokaiser has brought up plenty of dissonances he sees between the older parts of our legislation and current MTA practice/culture. He strives to serve as a judge that is defined by MTA, rather than one who defines it. This is an act of nobility I find hard to match. Please vote Robokaiser as well.

I hope to serve as a sort of mediator between Aimuari and Robo's approaches, bringing my own to the table. In my efforts to maintain total transparency in this election, I ask you to vote the three of us for the three Judge positions. Thank you for your time.]",[1. ImperatorMendes],"[1. citylion
2. icypenguin79]",,,,,,,,,,,,,,,,,,,,,,,,,,,,,,,,,"[Greenkitten

Zachattack

&#x200B;

ran against green in my own judge race, cool dood. zachattack was cool aswell @ devoted.]",,,,,,,,,,,,,,,,,
jovaz_,,,,,,,"[1. Aimuari
2. Mendes
3. Dama]",,"[1. Topher
2. Ice]","[1. Mokotan
2. jovaz
3. Topher
4. waffle4breakfast
5. HanZtu
6. Ahri]",,[1.citylion],,,,,,,,,,,,,,,,,,,,,,,,,,,,,,,,,,,,,,,,,,,,,,,
goatsedotcx,,,,,,,"[1. Robokaiser
2. n/a
3. n/a]",,[1. Topher!],,,,,,,,,,,,,,,,,,,,,,,,,,,,,,,,,,,,,,,,,,,,,,,,,,
Bora1776,,,,,,,"[1: SupaHot\_Fire 

2:Aimuari 

3:Robokaiser]",,[CityLion],,,,,,,,,,,,,,,,,,,,,,,,,,,,,,,,,,,,,,,,,,,,,,,,,,
Mirakles,,,,,,,"[1. Supa\_Hot\_Fire
2.   xcios]",,,,,,,,,,,,,,,,,,,,,,,,,,,,,,,,,,,,,,,,"[1 ahri
2 henry (hugglemonster)
3 gantoe
4 droid
5 kdeeks
6 the dog
7 the parrot
8 the ones i missed above]",,,,,,"[Jecowa
Citylion
Droid 
Gavjenks

]","[KingCold64

DroidJoe

Crimeo]",,,,,"[I vote for Ahri of the 9 tails
]"
NeogeneRiot,,,,,,,"[1: Dama

2: Xcios

3: Mendes]",,,,,,,,,,,,,,,,,,,,,,,,,,,,,,,,,,,,,,,,,,,,,,,,,,,,
super-meme-boi,,,,,,,,,[Topher3001],,,,,,,,,,,,,,,,,,,,,,,,,,,,,,,,,,,,,,,,,,,,,,,,,,
Ahrimanazu,,,,,,,,,,"[1- Ahri

2- Mokotan

3- SandFalls

3- Topher

4- TheOangeWizard

5- DCHERO

6- R3Y Joan


Ranking is really hard when you like so many candidates wtf]","[1. Oange
2. squareblob
3. Ahri]",,,,[Waffle],,,,,,,"[Rakkwal

Squareblob]",,,,,,,,,,,,,,,"[ProgramMC

Godo

Kingcold

HenryDraton

Jecowa

Cammo

Raven

Gantoe

Greenkitten

DrChingChongUn

Shadow516]",,,,"[Higgenbottoms

Rakkwal

Crimeo

Jecowa]","[HanTzu

Azkedard]","[1. Godomasta
2. Crimeo
3. Aimuari
4. WPLibrar
5. ChingChongUn]",,"[Isit

KingCold]",[Rakkwal],"[1. Ahri
2. Henry
]",,,,,,,,[Ahrimanne],[muffinbomb and Rakkwal],[Tvman],[ProgramMC],[I vote for DroidJoe.]
Dr_Oracle,,,,,,,,,,"[~~1. Topher
2. Ahri
3. R3Y_J04N~~

~~**Will be updated later**~~

~~*The following candidates I have chosen not to vote for, with reasoning attached:*~~

~~* Jovaz: Supports a (modified) MPA
* citylion: Supports MPA, supports mid-trial pardons, secret deals, illegal riots, self pardons, defames people who disagree with him, hyperbolic rhetoric as a distraction tactic, bans memes, swears at foreign representatives, supports moving servers, I could go on~~

~~**Will be updated later**~~

**THIS VOTE IS NOW BEING CONTESTED**]","[~~Pamplemousse~~

edit: I change to pamplemousse]",[Specificlanguage],"[1. Thraldrek
2. R3Y
3. citylion

History begins and ends with the newfriend]",,,"[1. squareblob
2. R3Y_J04N

Insofar as I dislike breaking my nonpartisan approach to elections, I offer the following notes on my choice of vote. My vote does not reflect my personal feelings towards the candidates or my judgement of their worth in the city; all the candidates have contributed different things to MtA and for that they all hold my respect. 

Squareblob and R3Y_J04N are my preferred candidates this election as I feel they are less partisan than the others. It is important for the mayor to promote unity rather than fuel factional divisions. I place square above R3Y as he has a full term of experience behind him and a more developed/detailed platform.]",[Kingcold.],,,,,,,,"[1. Allen
2. KingCold]",,,,[KingCold],,,,,,,,"[1. ProgramMC
2. Godomasta
3. kingcold
4. HenryDraton
5. Jecowa
]",,"[1. Rakkwal
2. ComradeNick
3. Godomasta]",,"[1. Rakkwal

2. jecowa

3. crimeo]","[1. HanTzu
2. azkedar]",,,"[1. KingCold
2. isit
3. Asa]",[Rakkwal],,"[1. Kingcold
2. Crimeo]",,,,,,,,,,,
j4mietech,,,,,,,,,,"[Rank-ordered ballot:

1. Ahrimanne
2. R3Y_J04N
3. Topher3001
4. TheOangeWiard
5. DCHERO
6. Sandfalls
7. Gantoe_
8. Mokotan
9. Midnight_Jack
10. OLivayK9
11. HanTzu 
12. Jovaz
13. waffle4breakfast
14. citylion]",,"[Rank-ordered ballot:

1. specificlanguage
2. Hantzu
3. citylion]",,,,,,,,,,,,,,,,,,,,,,,,,,,,,,,,,,,,,,,,,"[1. Crimeo

2. Jecowa

3. Citylion

4. SwissAndHam (who)

5. DroidJoe( bad)]","[# Voting

1. KingCold64
2. Gavjenks

# Discussion

Candidate DroidJoe failed to answer all questions posed to him in the Debate thread either satisfactorily or, in some situations, at all. Therefore, I remain unconvinced that he can act satisfactorily in the position of judge and implore you all to omit him from your run-off vote.]",,,,,
MultiRobit2,,,,,,,,,,"[1- Topher3001

2- HantZu

3- R3Y

4- OrangeWizard

5- Jovas

6- DCHERO

7- olivay 

8- waffle4breakfast]",,[specificlanguage],,,"[Hey henry, multiple judges (including myself) have verified that hAntzu is a legible candidate and should therefore be included on the ballot. I'm not sure if it will actually influence the outcome but let's at least pretend to care.]","[1. Squareblob
2. Citylion
3. R3Y_JO4N]","[1. KingCold65
2. waffle4breakfast]",,,,[dchero],"[1. citylion

2. squareblob]",[I cast my vote for mr AllenY],,,,[Azkedaddy],,[KingCold64],"[1. cityline
2. godomister
3. senti
4. chripchripsie
5. Greeekmitten]",,"[waffle4breakfast

DCHERO]",,,"[callum!!!!
thought u could use a win go get em tiger]","[1. waffle4breakfast

2. azkedar]",,,,,,,,,,,,,,,,,,,,,,,
MuffinPimp,,,,,,,,,,"[1.	Mokotan
* DCHERO
* Topher3001
* Ahrimanne
* SandFalls
* Midnight_Jack
* R3Y_J04N
* Jovaz
* Citylion
* Gantoe_
* HanTzu
* TheOangeWiard]",,,,[aye],,"[1. Citylion
2. SandFalls
3. R3Y_J04N
4. Squareblob]","[1. Smal
2. KingCold65]",,,,"[1. FalscherRVN
2. DCHERO]",,,,,,,,,,,,,,,,"[ProgramMC

Godomasta

Greenkitten]",,,,,,,,,,,"[Greenkitten

KingCold64

Crimeo

lockeddoor

Aimuari

Guiltbot2

Cr0codile]",,,,,,,,,,,
animeme_master,,,,,,,,,,"[1. ahri

2. topha

3. oange

4. moko-tan

5. waffle

6. gantoe]","[1. squaeblob

2. oange wiard

3. wjuice]","[1. specificlanguage

2. citylion]",,,,,,,,,,,,,,,,,,,,,,,,,"[Godomasta

ProgramMC

Raven

KingCold64

Gantoe]",,,,,,,,,[Rakkwal],"[1. colada

2. ahrimanne

3. gantoe

4 to 9. all other candidates in alphabetical order]",,,,,,,,,,,,
Ham_Swiss,,,,,,,,,,"[1. Midnight Jack
2. Mokou
3. R3Y
4. Ahrimanne
5. Citylion
6. D'Chero
7. Gantoe]",,,,,,"[Citylion

SandFalls

R3Y_J04N

Squareblob]","[1. smal

2. KingCold69]",,,,"[1. Raven

2. DCHERO]",,,,,,,,,,,,,,,,"[Godomasta

Gantoe

Raven

ProgramMC]",,,,,,,,,[Rakkwal],"[Ahri

Gantoe

Henry

King]",,,,[C4Mmo],[C4Mmo],"[Swiss

Jecowa

Crimeo

City

Droid]",[KingCold],[C4Mmo],[Rakkwal + Muffinbomb],[Tvman],,
Tukidoki,,,,,,,,,,"[1. Topher
2. sandfalls  

3. ahri  

4. hanTzu  

5. TheOrangeWizard  

6. MidnightJack  

7. R3Y  

8. gantoe  

9. dchero  

10. waffles  

11. Jovaz  

12. citylion]",,,,,,,,,,,,,,,,,,,,,,,,,,,,,,,,,,,,,,,,,,,,,,,,,
Neo355,,,,,,,,,,"[1) Ahrimanne
2) TheOangeWiard
3) DCHERO
4) Swiss&Ham]",,,,,,[Citylion],,,,[Citylion],,,[AllenY],[Dr_Oracle],,,,,,[Godomasta],,,[AZKEDAR],,,,,,,,,,,,,,,,,,,,,,,,,,
AllenY99,,,,,,,,,,"[1 DCHER

edit: i meant DCHERO sorry]","[1 squareblob

2 dr oracle

3 squareblob

4 thraldrek]",,,[aye],,"[1 Square

2 R3Y\_J04N]",[1 KingCold64],,"[1 azkedar

2 programmc

3 programmerdan

4 programmerdanmc

5 programmasta

6 squareblob (squeezed)

7 all of the above

8 droidjoe

9 hantzu

10 voreblob

11 aristarchus\_ofsamos

12 me

13 sintralin

14 g

15 azkedar

16 midnight\_jack

17 dchero's concert hall

18 jecowa

19 that one block of obby in the stairs near sv's big ship

20 dumbass unfunny pvpers

21 oh

22 lysika libtardiel

23 icenia

24 jeff

25 not poortea

26 hehe

27 waffle4breakfast]","[1 Square

2 City]","[1 DCHERO

2 FalscherRVN]",[1 Squareblob],"[1 Gantoe

2 AllenY]","[1 - Gantoe 

2 - Dr\_Oracle

3 - MicrosoftOneNote]","[1 AllenY

2 Kick]","[1 Mr. D'Chero d' u/DangerousBye

2 DroidJoe]",[1 azkedar],[monsieur azkedar\_],[1 KingCold64],,"[1 AllenY

2 Pirater

&#x200B;]",[1 DCHERO],,"[1 AllenY

2 DCHERO]",,[1 Azkedar],,,,"[1. citylion
2. DroidJoe
3. Pirater
4. DCHERO

8=============D]",,,,,,,,,,,,,,,,,,,
squareblob,,,,,,,,,,"[1. Topher3001
2. Ahri
3. R3Y_J04N]",,[specificlanguage],[1. Orangewizard],,,"[1. squareblob
2. R3Y_J04N]","[1. Kingcold64
2. Smal
3. Waffleforbreakfast]",,,"[Squareblob

Citylion]","[
   1. DCHERO
   2. Raven]","[1. squareblob
2. Citylion]",,"[1. Gantoe
3. MicrosoftOneNote 
3. Dr_Oracle
4. GREGY163]","[1. AllenY

2. Kick

3. Gregy]",,"[1. Azkedar 
2. Baes20
3. Xavier Terrence]",,,"[
                                                      Godomasta
]","[1. AllenY
2. Pirater/Tree
3. i6olden 

My next ballet I will submit in limerick form, is that legal?]","[dchero

waffle4breakfast 

Pirater]",[1. AZKEDAR 2. baes20 3. guiltbot],"[1. AllenY
2. DCHERO 
3. Stardarkness 
4. Xavter
5. Xavter

]",,[1. Azkedar],"[Godomasta

HenryDraton

ProgramMC

KingCold64

Raven

Gantoe

C4mmo

Jecowa

Greenkitten

DrChingChongUn

Shadow516
]",,[1. Godomasta],,"[Rakkwal

Higgenbottoms

Crimeo

Jecowa

GuiltBot]","[1. azkedar
2. HanTzu 
3. Guiltbot2 
4. greenkitten ]",[Godo],,"[KingCold

RavenMC

Isit2004

Asakuun

]",,"[1. Ahri
2. Gantoe
3. DroidJoe  
4. HenryDraton 
5. KingCold64
6. Figasaur 
7. Kdeeks 
]","[KingCold54

Crimeo

guiltbot2

Lockeddoor

Aimuari ]",,[specificlanguage],,[C4mmo],,[KingCold],,,,,
RavenMC_,,,,,,,,,,"[TOPHERTOPHERTOPHERTOPHERTOPHER,,!]",,,,,,[i vote topher],,,,,"[1. Raven
2. DCHERO]","[1 Pirater

2 Rakkwal

3 Squareblob

4 Rey_Joan

]",,,,,,,,,"[1. AllenY
2. Pirater]","[Pirater
waffle4breakfast
gamephobic]",,,,"[1 Pirater

1 PIrater

1 PIRater

1 PIRAter

1 PIRATer

1 PIRATEr

1 PIRATER

1 pIRATER

1 piRATER

1 pirATER

1 piraTER

1 piratER

1 pirateR

2 azkedar]","[1. Godomasta
2. Raven/Bienenkoenigjn
3. HenryDraton
4. Gantoe
5. KingCold64
6. ProgramMC
7. C4mmo
8. jecowa
9. Greenkitten
10. DrChingChongUn
11. Shadow516]",,"[~~Through the power bestowed upon me in the form of the dice~~
~~(see: https://youtu.be/1O6Oi6QqahE)~~

~~This is the ballot destiny has forced me to take~~

~~1. ComradeNick~~

~~2. Greenkitten~~

~~3. Godomasta~~

~~4. IedomatsDraugs~~

~~5. SpaceVolcano~~

~~6. Rakkwal~~

okay enough memes

1. Godo]",,"[The valid candidates:

1. Crimeo - ""the official uwu candidate""
2. GuiltBot2 - I endorse our future AI overlords
3. Rakkwal - Good history of cases, very good choice, but I decided to vote for a new breath of air

Candidates I don't see fit for the role 4. Jecowa
5. Cr0codile
6. DrChingChongUn
7. Higgenbottoms - decided to drop out, would've voted higher otherwise]","[1. Guiltbot2
2. azkedar
3. Aimuari
4. HanTzu
5. ZackAttack
6. greenkitten
7. thomasih]","[1. Godomasto
2. Crimeo
3. Aimuari
4. WPLibrar
5. ChingChongUn]","[Gantoe
Quinn
Daelvn]","[Asakuun

KingCold54

Puppyface08/SacredWarlord

Raven/Bienenkoenigin

Aimauri

Smal

EliteDuck

Greenkitten

Shadow516
]",[Rakkwal],"[1. Ahrimanne
2. Gantoe_
3. HenryDraton
4. Kdeeks
5. Figasaur
6. DroidJoe
7. Colada
8. Mikey
9. KingCold ]","[1. Crimeo
2. KingCold54
3. lockeddoor
4. guiltbot2
5. Aimuari
6. Greenkitten
7. C0rcodile]","[1. Godomasta
2. Cheeto
3. DroidJoe
4. WrongAardvark
5. Cr0codile]","[My vote goes to specificlanguage.

Was the only one who answered the 1 asked question and even answered mine before I asked it.

I am convinced specific has the interests of this city and improving it in their best interest and as such I believe to be highly qualified for his cup.]",,,"[1. SwissAndHam
2. Gavjenks (crimeo)
3. Citylion
4. DroidJoe
5. Jecowa]","[1. KingCold
2. Crimeo
3. DroidJoe
]",,,,,
morsden67,,,,,,,,,,"[1. Topher
2. Ahri
3. R3Y_J04N
4. DCHERO
5. Mokotan
6. Pamplemousse
7. SandFalls
8. waffle
9. Midnight_Jack
10. Gantoe]","[1. pamplemousse
2. Pamplemousse
3. pampledrek
4. pamplamanazu
5. pamplekroeker
6. pamploracle
7. pamplelusional
8. Pampleblob
9. ThePampleWizard
10. Pamplejerry
11. Pamplemousse]",,"[i'm voting for nobody because i can't vote

please remember to continue not voting for me thank you]",[aye],,"[1. squareblob
2. R3Y_J04N
3. SandFalls]","[Kick

Smal

Waffle]",[lol epic],"[I'm voting for azkedar, the only choice

just kidding waffle is my choice

bruh why do we only have one candidate this election]","[Square

City

---

This is the very last I'm going to talk about Augustan politics this election. I just want to explain my reasoning real quick.

I don't want to put multi-mega alliance, regional values over Augustan values. I don't want to be under fire for constant, controversial pearlings or foreign policy decisions (I do enough of this in SATO anyway). I would much rather align Augustan principles with developing Civ and being a productive healthy nation instead of starting wars with every alliance that exists under the sun.

I don't argue that City hasn't done so many things for the city and Square hasn't. I'd much rather consider about the fact that Square has successfully kept the peace in Mount Augusta for the last three months and I would much rather like to keep it that way. Yeah, sure, Square may not be as active in game but he is a pretty good guy to say the least. 

The reason I'm voting for Square is that I want the Augustan future to be relatively secure. Call it personal principle, call it anti-semitism, call it injustice to Citylion, but this is my opinion and you can't change it.

Don't fuckin @ me]",,"[1. squareblob
2. rey
2. citylion
4. pirater
5. gantoe]","[AllenY

I love you Gantoe, but I'm very sorry]","[Gantoe

Microsoft

Dr_Oracle]",[AllenY],[DCHERO],,[azkedar],,"[1. Godomasta
2. ChrisChrispie
3. Centi]",,"[DCHERO,
Pirater
]","[AZKEDAR

and then guiltbot after that for fun]","[1. DCHERO
2. AllenY
3. Callum
4. Pirater]","[1. Crimeo
2. guiltbot]",,,"[azkedar

citylion

mazznoff

guiltbot]","[Godomasta

Rakkwal]","[1. Citylion
2. DCHERO
3. DroidJoe
4. Pirater

Sorry pirater for putting you last, but you're still great :)]",,"[Azkedar
Hantzu]",,,"[KingCold64

Isit2004

Asakuun]",,,,,"[1. specificlanguage

and don't make me a slave i don't have any more time outside of being a cup and doing cupwork]",,,,,,,,,
cooliomoose37,,,,,,,,,,,"[1. Dr. Oracle
2. AllenY
3. Thraldrek
4. Jerry
5. Squareblob
6. Wjkroeker
7. Yellofishy]",,[1.Orangewizard],,,,,,,,,,,,,,,,,,,,,,,,,,,,,,,,,,,,,,,,,,,,,,
Godomasta,,,,,,,,,,,"[1. pamplemousse
2. Pamplemousse
3. pampledrek
4. pamplamanazu
5. pamplekroeker
6. pamploracle
7. pamplelusional
8. Pampleblob
9. ThePampleWizard
10. Pamplejerry
11. Pamplemousse]",,,,,"[1. Citylion

2. Squareblob]","[1. Kingcold

2. waffle]",,,,,"[1. Citylion

2. squareblob

3. R3Y

4. Pirater

5. Gantoe

6. C4Mmo]",,,,,,,,,,,[AZKEDAR],"[1 - DCHERO
2 - AllenY]",,"[1. Azkedar

2. waffle4breakfast

3. Pirater

4. Gregy]",[1. Godomasta],"[azkedar. I think there are other competent candidates in this race. However, Azkedar has shown to have a deep understanding of the law and a strong Augustan will. Without even being a Judge, he passed numerous bills that have contributed a lot in making our legal system more effective and overall a fairer one. If you want a responsible judge, vote Azkedar and vote Augustan!]",,,"[1. Rakkwal
2. Higgenbottoms
3. Crimeo

The rest of the candidates I've either rarely seen them ingame or are ""le edgy meeemer"".]",[Azkedar],"[1. Godomasta
2. Crimeo
3. WPLibrar
4. Aimuari
5. ChingChongUn]","[Daelvn, Gantoe]",,[Rakkwal],,,"[1. Godomasta
2. Cheeto
3. WrongAardvark
4. DroidJoe]",,[Muffinbomb97],[muffinbomb97],,[1. Kingcold],[Ahrimanne],[The_Hobbyist Rakkwal],[Rakkwal. We need to stop Godomasta!],[ProgramMC to keep Godomasta from winning!],[I vote for Ahri]
wjkroeker,,,,,,,,,,,,,"[1) Orangewizard

2) Orangewizard

3) Orangewizard

4) Orangewizard

5) Orangewizard]",,,"[1 squareblob

2 R3Y J04N

3 SandFalls

4 citylion

5 DroidJoe]","[Kingcold

Smal

Waffle]",,,,,,,,,,,,,,,,,,,,,,,,,,,,,,,,,,,,,,,,,,
konijntjeu,,,,,,,,,,,,,[1. Orangewizard],,,,,,,,,"[1. Pirater  
2. Gantoe   
3. squareblob  
4. C4mmo  
5. Citylion  
6. R3Y_J04N  
7. Rakkwal]",,,,,,,,"[1. Citylion  
2. Centi  
3. Greenkitten  
4. Godomasta]",,,[Azkedar],,"[1. ComradeNick 
2. Crimeo  
3. Greenkitten]",,,"[citylion1  
Greenkitten  
azkedar  
mazznoff  
Aimuari  ]","[ComradeNick  
Rakkwal  
Godomasta  ]",,"[1. Rakkwal  
2. Crimeo  
3. jecowa  
4. Higgenbottoms  
5. Guiltbot2  
6. Cr0c0dile  
7. DrChingChongUn  ]","[HanTzu  
azkedar   
Greenkitten]","[1. Godomasta  
2. Crimeo  
3. WPLibrar  
4. Aimuari  
5. ChingChongUn]","[Gantoe  
Greeenkitten  
Daelvn  
Figasaur  
Quinn]",,,,,,,,,,,,,,,
bihl_Cosbi,,,,,,,,,,,,,[R3yj0an],,,,,,,,,,,,,,,,,,,,,,,,,,,,,,,,,,,,,,,,,,,,,,
HDraton,,,,,,,,,,,,,"[1. Citylion

2. R3Y_J04N

3. Thraldrek]","[1. Mokou

2. Specificlanguage]",[Waffle4breakfast],,,,,,,"[1. Citylion

2. C4mmo

3. R3Y_J04N


4. squareblob

5. Gantoe_

6. Pirater

7. Rakkwal
]",,,,,,[azkedar_],,"[~~Citylion~~

Nevermind, I can't vote.]","[1.  **i6olden** 
2.  **AllenY**]",,,,,,"[ProgramMC 

HenryDraton

C4mmo

Gantoe

jecowa

Godomasta

KingCold64

Raven/Bienenkoenigin

Greenkitten

DrChingChongUn

Shadow516]",,,,,,,,,"[
1. Citylion

2. DroidJoe

3. KingCold64

4. Higgenbottoms

5. Collada]","[1. HenryDraton

2. Gantoe_

3. kdeeks

4. Ahrimanne

5. Figasaur

6. KingCold64

7. Colada

8. Mikey

9. DroidJoe]","[lockeddoor

Cr0codile

KingCold64

Greenkitten

Guiltbot2

Aimuari

Crimeo]",,,[C4mmo],[C4Mmo],"[1. Citylion

2. SwissAndHam

3. Jecowa

4. Gavjenks

5. DroidJoe]","[1. Gavjenks
2. KingCold
3. DroidJoe]",[C4Mmo],[Muffinbomb97 and Rakkwal.],,[HenryDraton],
SpaceVolcano,,,,,,,,,,,,,"[1) Citylion


2) thraldrek


3)OrangeWizard


4)specfic


5) r3y]","[1..Mokou

2..specificlangiage]","[1) Waffle4breakfast

2) Pancake5Lunch

3) Crepe6Dinner]","[1. Citylion

2. Squareblob

3. R3y_jo4n

4. DROIDJOE

5. Sandfalls]","[1. Waffle4Breakfast

2. Kingcold

3.smal

(Edit, mixed up my 2 and 3, fixed now)]",[Aye],,"[1. Citylion

2. Squareblob]",,[1. Pirater 2. Squareblob 3. Gantoe 4.C4mmo 5. Citylion 6.R3y],"[alleny
'gantoe]",,"[1. AllenY
2. Gregy
3. Kick]",[Dchero],,[azkedar],[Kingcold],"[Godomasta


 Citylion


Greenkitten]",,"[Dchero

Pirater

Waffle]","[1. Azkedar, 2. croc, 3. greenkitten, 4. majestic, 5. guiltbot, 6. baes]",[1. dchero 2. croc 3. stardrakness 4 alleny 5 pirater 6 thomasih 7 ravenmc],[Crimeo],[Azkedar],"[Gantoe

HenryDraton

jecowa

Godomasta

Shadow516

DrChingChongUn

ProgramMC

Greenkitten

Raven

C4mmo

Kingcold64]",,"[Godo
GreenKitten
Space
Nick
Rakk
Iedomats]","[Dchero

Pirater

Citylion

Joe]",,"[1) HanTzu
2) azkedar
3) greenkitten
4) guiltbot2]",,"[Gantoe
Figasuar 
Greenkittycat
Quinn delvin]",,,,,,,,,,,,,,,
ThePliv,,,,,,,,,,,,,"[1. Specificlanguage
2. thraldrek
3. citylion
4. orangewizard
5. I'm writing in Bihl\_cosbi, but he isn't running so fifth]",,,"[1. SandFalls
2. Citylion
3. Square]",,,,"[1. Gregy (this man's gonna pull 10 voters out of nowhere, just you wait)
2. Citylion
3. Square]",,[1. Citylion],,,[1. Alleny],,[Azkedar],,,,,,,,,,,,,,,,,,,,,,,,,,,,,,,,
Ghunsan,,,,,,,,,,,,,"[1. Citylion
2. R3Y_J04N
3. Thraldrek]","[1. Mokou
2. specificlanguage]",,"[1. Citylion
2. SandFalls
3. R3Y_J04N
4. Square
5. DroidJoe]","[1. Smal
2. KingCold65
3. waffle4breakfast]",,,,,,,,,,,,,,,,,,,,,,,,,,,,,,,,,,,,,,,,,,
CivFigasaur,,,,,,,,,,,,,"[1. Figasaur

2. Thraldrek

3. R3Y_J04N

4. Orangewizard

5. Specificlanguage

6. Citylion]",,,,,,,,,,,,,,,,,"[1. Citylion

2. ChrisChrispie

3. Centi

4. Greenkitten

5. Godomasta]",,,,,"[ComradeNick

Greenkitten

DCHERO

Crimeo

Callum

F1sh]",,"[1. HenryDraton

2. jecowa

3. Shadow516

4. DrChingChongUn

5. ProgramMC

6. Greenkitten

7. Gantoe

8. Godomasta

9. Raven

10. C4mmo

11. Kingcold64
]","[Cr0c

azkedar

guiltbot

Greenkitten

Aimuari

mazznoff

citylion]","[ComradeNick

SpaceVolcano

IedomatsDraugs

Greenkitten

Godomasta

Rakkwall




]","[1. Figasaur
2. DroidJoe
3. Pirater
4. DCHERO
5. citylion]","[1. Cr0codile 

2. jecowa 

3. GuiltBot2 

4. DrChingChongUn 

5. Crimeo 

6. Rakkwal 

7. Higgenbottoms]","[Azkedar

greenkitten 

thomasih

Aimuari

ZachAttack 

Guiltbot2 

HanTzu 




]","[1. Aimuari

2. ChingChongUn

3. WPLibrar

4. Crimeo

5. Godomasta]","[Figasaur

Gantoe 

Greenkittem]","[1 Aimauri

2 Asakuun

3 Shadow516

4 Greenkitten

5 EliteDuck

6 Isit2004

7 Smal

8 RavenMC

9 KingCold64

10 ScarredWarlord/Puppyface08







]","[1. Rakkwal
2. Citylion]","[1. Figasaur

2. Colada

3. Ahri

4. Gantoe

5. Kdeeks

6. Henry

7. Mikey

8. Kingcold

9. Droid]","[1. Cr0codile 

2. Aimuari 

3. Greenkitten

4. Crimeo

5. lockeddoor

6. Guiltbot2 

7. KingCold64]","[1. Cr0c0dile
2. Wrongaardvark
3. DroidJoe
4. Godomasta]",,[C4mmo],,,,,,,,
Baes20,,,,,,,,,,,,,[MAYOR.],[aye],,,,,,[daily reminder you shouldn't vote for a mayor who participated in the attack on mta's only standing vault],,,,"[Oracle, gantoa, MicrosoftOneNote]","[1.AllenY

&#x200B;

2.Kick]",[DCHERO],"[1. baes20
2. azkedar]",[azkedar droidjoe],"[King cold, then green kitten]","[1-citylion

2-centi

3-Greenkitten]","[Uh.. I know I canâ€™t vote, but I shout igolden into the void]",,"[1-azkedar

2-ME 

3-majestic]",,"[nick, crimeo

&#x200B;]",,"[C4mmo, Godomasta, HenryDraton, Gantoe, Greenkitten, Jecowa, Program, KingCold, Raven, Shadow, DrChingChongUn]","[1 - city lion

2-aimuari

3- greenk]","[1. Nick
2-godo]",[baes20 is no longer running but i reccomend people vote for citylion],"[jecowa

rakkwal

cr0codile

DrChingChongUn

GuiltBot2

Crimeo

Higgenbottoms]","[HanTzu
Aimuari
ZACHATTACK ]","[1. Aimuari
2. DrChingChongUn
3. WPLibrar
4.Crimeo
5.Godomasta ]",,,[Citylion],"[1-Henry
2-Gantoe
]",,,,,[muffin bomb ninety seven],"[1-citylion
2-swiss ]",[1- gavjenks],[C4Mmo],"[Muffinbomb, hobbyist]",,,
flarelation,,,,,,,,,,,,,,"[1. Mokou
2. specificlanguage]",,,,,,"[1. City
2. Square]",,,,,,,,,,,,,,,,,,,,,,,,,,,,,,,,,,,,,,,
NePassencore,,,,,,,,,,,,,,"[1. Mokou

2. specificlanguage]",,,,,,,"[1.  FalscherRVN 
2. DCHERO]",,,,,,,,,,,,,,,,,,,,,"[1. HanTzu
2. Greenkitten
3. Guiltbot2
4. Azkedar]","[1. Gododmasta
2. Crimeo
3. Aimuari
4. ChingChongUn
5. WPLibrar  
]",,,,,,,,,,,,,,,,
meat312,,,,,,,,,,,,,,,[1. Waffle],"[Squareblob

R3Y]","[KING

SMAL

WAFFLE]",,,,,"[1. SQUAREBLOB
2. CITYLION
3. PIRATER]",,,"[1. GREGY

2. MIKEPOMPEO

3. TEAL]","[1. DROIDJOE

2. DCHERO]",[Baes],,,[1. GODOMASTA],"[1. Pirater

2. i6olden]",,[AZKEDAR],,"[1. Callum
2. CRIMEo]",[1. PIRATER],,,,[1. Citylion],,,,,,,,,,,,,,,,,,,
Midnight_Jack,,,,,,,,,,,,,,,,"[R3Y\_J04N [https://youtu.be/tfE\_GBEaKK8](https://youtu.be/tfE_GBEaKK8)  
I have no clue why it's quirky like that but we all have to make do with what we're given]",,,,,,,,,,,,,,,,,,,,,,,,,,,,,,,,,,,,,,,,,,,
ATJKPMC,,,,,,,,,,,,,,,,[1 Square],[1 KingCold65],,,"[squareblob (I'm technically not eligible to vote, though)]",,,,,,,,,,,,,,,,,,,,,,,,,,,,,,,,,,,,,,,
smaldragon,,,,,,,,,,,,,,,,"[1. Citylion
2. SandFalls
3. DroidJoe]","[1. Smal
2. KingCold65
3. waffle4breakfast]",,,,,"[1. Pirater
2. Squareblob]",[AllenY],,,,,,,,[AllenY],,,,,,,,,,,,,,,[DroidJoe],,,,,,,,,,,,,
Gjum,,,,,,,,,,,,,,,,"[1. Squareblob
2. R3Y_J04N
3. SandFalls
4. citylion
5. DroidJoe]",,,,,,,,,,,,,,,,,,,,,,,,,,,,,,,,,,,,,,,,,,,
BolleDeBoll,,,,,,,,,,,,,,,,"[1) SandFalls 

2) Citylion

3) DroidJoe,

4) R3Y_J04N

5) Square]","[1) Smal

2) KingCold65

3) waffle4breakfast]",,,,,,,,,,,,,,,,,,,,"[1) Godomasta

2) HenryDraton

3) ProgramMC

4) Jecowa

5) Raven

6) Greenkitten

7) KingCold64

8) Gantoe

9) C4mmo

The others are not worth mentioning.]","[1) Citylion

2) Aimuari

3) Greenkitten

4) Mazznoff

5) Zakedar.

The others are not worth mentioning.]","[1) Godomasta

2) Rakkwal

3) Greenkitten]",,"[1) Rakkwal

2) Jecowa

3) Crimeo

4) Higgenbottoms

The others are no valid options, and so will not be included in my vote.]",,,,,[Comrade Rakkwall.],"[1) Ahrimanne

2) DroidJoe (/u/ChiefEagle)

3) Gantoe_ (/u/dasvn)

4) KingCold64 (/u/Fladeedledoddle)

5) HenryDraton (/u/HDraton)

6) Figasaur (/u/CivFigasaur)

7) Kdeeks (/u/Kdeeks)

(I kept those 2 memes out of my list with purpose)

]","[Shouldn't this topic been closed too? It's more than 48 hours ago since it was opened.

The Mayor election topic is closed already, while been made on approximate the same time.]",,,[Comrade C4mmo!],[C4MMO],"[1) SwissAndHam

2) Jecowa

3) Droidjoe

4) Gavjenks

5) Citylion]",,[Comrade C4Mmo],,[TvMan!],[HenryDraton],
DangerousBye,,,,,,,,,,,,,,,,,"[1. KingCold64
2. Waffle4breakfast 
3. Smal]",,,,"[1. DCHERO
2. Raven]",[Citylion ],"[1. AllenY
2. Gantoe\_]","[1. Dr_Oracle

2. Gantoe

3. MicrosoftOneNote]","[1. AllenY
2. KingCold64]",[DCHERO],"[1. Azkedar
2. Baes20]",,[1. KingCold64],"[1. Citylion
2. Godomasta
3. Centi
4. Greenkitten
5. Chrischrispie]",[AllenY],"[1. DCHERO
2. Waffle4breakfast ]",,"[1. DCHERO

2. AllenY]","[1. DCHERO
2. Crimeo
3. ComradeNick
4. Guiltbot2
5. Callum
6. F1sh98
7. Greenkitten]","[1. Azkedar

2. waffle4breakfast]",,,,,,,,,,,,,,,,,,,,,,,
CivModeraattori,,,,,,,,,,,,,,,,,[me],,,"[City

Grey

Squarbolb]",,"[1. Pirater
2. Pirater
3. Pirater
4. Pirater
5. Pirater
6. Pirater ]",,,"[Allen
Gregy
Kick]",,"[Azkedar
Baes]",,,,,"[Pirater
Pirater
Pirater
Pirater ]",,,,"[1. Pirater
2. Pirater
3. ActualPirater
4. Pirater
5. Pirater]",,,,,,,,,,,,,,,,,,,,,,,
kevalalajnen,,,,,,,,,,,,,,,,,,,,[Aye],,,,,,,,,,,,"[Aye

Edit: also uhh i have been a registered voter for several months in this city as seen here https://www.reddit.com/r/MtAugusta/comments/8dg0tf/voter_registration_april_19th_2018

Edit 2: Nay]",,,,[Aye ],,,,,,,,,,"[1. Rakkwal
2. Higgenbottoms
3. DroidJoe
4. KingCold64
5. Citylion]","[1. Ahrimanne
2. Gantoe_
3. DroidJoe
4. Mikey
5. Colada
6. KingCold64
7. HenryDraton
8. Figasaur
9. Kdeeks

]",,,,,,"[1. Swiss
2. Jecowa
3. Gavjenks
4. Droid
5. Citylion]",,,,,,
Lord_Mickale,,,,,,,,,,,,,,,,,,,,"[1. Squareblob

2. Citylion]",,"[1.Citylion

2.Squareblob
]",,[Gantoe],,,,,,[Godomasta],,,[Azkedar],,[Crimeo],,,,,,,,,,,,,,,,,,,,,,,,
jecowa,,,,,,,,,,,,,,,,,,,,"[citylion, squareblob, gregy, kevalalajn]",,"[1. R3Y_J04N
2. squareblob
3. Citylion
4. Rakkwal
5. C5mmo
6. Gantoe
7. Pirater]","[1. AllenY 
2. Gantoe 
3. Oli_Bear
4. waffle4breakfast
5. ActualPirater
6. Greeenkitten]","[1. Dr_Oracle
2. Gantoe
3. MicrosoftOneNote
4. Gregy163
5. Meat312]","[1. AllenY
2. Kick
3. Gregy]",,"[1. Azkedar
2. Baes
3. Avengers Chris Evans]",,"[1. Fladeedledoodle
2. Greeenkitten]","[1. Godomasta
2. Citylion
3. Centi
4. Greenkitten
5. ChrisChrispie]","[1. AllenY
2. Pirater
3. i6olden
4. Cr0c]","[1. DCHERO
2. waffle4breakfast
3. GamePhobic
4. Pirater
5. kevalalajnen]","[1. azkedar
2. Baes20
3. guiltbot2
4. MajesticGuess
5. Greenkitten
6. Cr0c
]","[1. AllenY 
2. DCHERO 
3. RavenMC 
4. Pirater 
5. stardarkness 
6. Cr0c 
7. Thomasih 
8. ~~Xavter~~]","[1. crimeo
2. DCHERO
3. ComradeNick
4. guiltbot2
5. Greenkitten
6. F1sh98
7. callum]","[1. Azkedar
2. waffle4breakfast
3. RavenMC
4. ActualPirater
5. Gregy165]","[1. C4Mmo
2. ProgramMC
3. HenryDraton
4. Godomasta
5. jecowa
6. Raven
7. KingCold64
8. Gantoe
9. Greenkitten
10. DrChingChangUn
11. Shadow516]","[1. azkedar
2. mazznoff
3. guiltbot
4. citylion
5. Aimuari
6. Greenkitten
7. Cr0c]","[1. Godomasta
2. ComradeNick
3. Rakkwal
4. Greenkitten
5. IedomatsDraugs
6. SpaceVolcano]","[1. citylion
2. DCHERO
3. DroidJoe
4. Pirater]","[1. Rakkwal
2. Crimeo
3. Guiltbot2
4. Higgenbottoms
5. jecowa
6. DrChingChongUn
7. Cr0c0dile]","[1. azkedar
2. HanTzu
3. Aimuari
4. Guiltbot2
5. thomasih
6. Greenkitten
7. ZackAttack]",,"[1. Gantoe
2. Daelvn
3. Greenkitten
4. Figasaur]","[1. Isit2004
2. Askakuun
3. Raven
4. KingCold64
5. Aimuari
6. Greenkitten
7. Smal
8. Puppyface08
9. Shadow516
10. EliteDuck]","[1. Citylion
2. Rakkwal
3. DroidJoe
4. KingCold64
5. Higgenbottoms

 ]","[1. HenryDraton
2. Mikey
3. KingCold64
4. Colada
5. Ahrimanne
6. Kdeeks
7. DroidJoe
8. Figasaur
9. Gantoe_]","[1. Crimeo
2. KingCold64
3. Lockeddoor
4. Aimuari\_
5. Guiltbot2
6. Greenkitten
7. Cr0c0dile]",,"[1. specificlanguage
2. cel_eri]",,,"[1. Citylion
2. SwissAndHam
3. Gavjenks
4. Jecowa
5. DroidJoe

]","[1. KingCold64 (aka Kick)
2. Gavjenks (aka Crimeo)
3. DroidJoe (aka Chief Eagle)]",,,,,
tankbuster44,,,,,,,,,,,,,,,,,,,,[Squareblob],,"[1. Citylion
2. Squareblob]","[AllenY  
Gantoe]",[1 - Gantoe],,,[Azkedar],,,,[AllenY],[DCHERO],,"[1: DCHERO

2: stardarkness

3: AllenY]",,[Azkedar ],,,,,,,,,,,,,,,,,,,,,,,
Crusher6581,,,,,,,,,,,,,,,,,,,,"[Citylion

Squareblob]",,,,,,,,,,,,,,,,,,,,,,,,,,,,,,,,,,,,,,,
PregoGrazie,,,,,,,,,,,,,,,,,,,,"[Squareblob

Citylion]",,"[1. Squareblob
2.citylion]",,,[1. AllenY],,,,,,,,,,,,,,,,,,,,,,,,,,,,,,,,,,
_Meat312,,,,,,,,,,,,,,,,,,,,"[1. Square
2. Gregy]",,,,,,,,"[1.Azkedar   


2.Droidjoe]",,,,,,"[1. **stardarkness** \- [u/mullac1128](https://www.reddit.com/u/mullac1128)
2.  **Pirater** \- [u/ActualPirater](https://www.reddit.com/u/ActualPirater) ]",,,,,,,,,,,,,,,,,,,,,,,,,
cattuscat,,,,,,,,,,,,,,,,,,,,,"[>1. Raven 
>2. DCHERO]",,,,,,,,,,,,,,,,,,,,,,,,,,,,,,,,,,,,,,
Flaminius,,,,,,,,,,,,,,,,,,,,,"[1. DCHERO

2. FalscherRVN]",,,,,,,,,,,,,,,,"[1. Godomasta

2. ProgramMC

3. KingCold64

4. HenryDraton]","[1) azkedar

2) citylion1]","[1. Godomasta

2. Rakkwal

3. ComradeNick]",,"[1. crimeo

2. Rakkwal

3. Higgenbottoms

4. jecowa]","[1. HanTzu

2. azkedar]","[1. Godomasta

2. Crimeo

3. WPLibrar

4. Aimuari

5. ChingChongUn]",,,,,"[1. crimeo

2. KingCold64

3. lockeddoor]",,[1. specificlanguage],,,,,,,,,
mullac1128,,,,,,,,,,,,,,,,,,,,,[dchero],"[1. squareblob

2. citylion]",,,,,,,,[Godomasta],[i6olden],,[AZKEDAR],,[Crimeo],,"[Godomasta

ProgramMC

KingCold64

Gantoe

Raven

C4mmo

HenryDraton

Jecowa

DrChingChongUn

Greenkitten

Shadow516
]",,,,,[azkedar],,,,[Rakkwal],"[1. Ahrimanne
2. Gantoe_
3. HenryDraton
4. Mikey
5. Colada
6. KingCold64
7. DroidJoe
8. Kdeeks
9. Figasaur

]",,"[1. Godomasta
2. Cheeto
3. DroidJoe
4. WrongAardvark
5. Cr0c0dile]",,[I write in Prof_TANSTAAFL],[i write in zaphod],"[1. Swiss
2. Jecowa
3. Citylion
4. Gavjenks
5. DroidJoe]",,,,,,
Your_Mothers_Dildo_,,,,,,,,,,,,,,,,,,,,,,"[1. C4Mmo

2. City

3. Pirater

4. R3y

5. Rakkwal

6. squareblob

7. Gantoe]",,,,,,,,"[1. citylion

2. Centi

3. ChrisChrispie

4. Greenkitten

5. Godomasta]",,,[Azkedar],,"[1. ComradeNick

2. guiltbot

3. Greenkitten

4. DCHERO

5. crimeo

6. F1sh98

7. callum]",,"[1. Godomasta

2. C4Mmo

3. jecowa

4. KingCold64

5. ProgramMC

6. Gantoe

7. HenryDraton

8. Raven]",,"[1. Godomasta

2. IedomatsDraugs

3. ComradeNick

4. SpaceVolcano

5. Rakkwal]","[1. citylion
2. DCHERO
3. Pirater
4. DroidJoe]","[1. Rakkwal

2. jecowa

3. Crimeo

4. Guiltbot2

5. DrChingChongUn

6. Cr0c0dile]","[1. azkedar

2. Zachattack

3. Guiltbot

4. Greenkitten

5. Aimuari

6. HanTzu

7. Shadow516]","[1. Godomasta
2. WPLibrar
3. Crimeo
4. ChingChongUn
5. Aimuari]",,"[1 KingCold64

2 Isit2004

3 Asakuun

4 Smaldragon

5 Greenkitten

6 Aimauri

7 Puppyface08

8 DrChingChongUn

9 Shadow516

10 Raven]",,,"[1. lockeddoor

2. KingCold64

3. Crimeo

4. Guiltbot2

5. Aimuari

6. Greenkitten

7. Cr0c0dile]",,,[C4mmo],[C4Mmo],,,[C4Mmo ],[Muffinbomb Rakkwal],[TvMan],[ProgramMC],
vtesterlwg,,,,,,,,,,,,,,,,,,,,,,[I'm fairly certain a new election is held if no candidate reaches 50%. correct?],,,,,[baes],,,,,[piraterpiraterpiraterpiraterpiraterpiraterpiraterpiraterpiraterpiraterpiraterpiraterpiraterpiraterpiraterpiraterpiraterpiraterpiraterpiraterpiraterpiraterpiraterpiraterpiraterpiraterpiraterpiraterpiraterpiraterpiraterpiraterpiraterpiraterpiraterpiraterpiraterpiraterpiraterpiraterpiraterpiraterpiraterpiraterpiraterpiraterpiraterpiraterpiraterpiraterpiraterpiraterpiraterpiraterpiraterpiraterpiraterpiraterpiraterpiraterpiraterpiraterpiraterpiraterpiraterpiraterpiraterpiraterpiraterpiraterpiraterpiraterpiraterpiraterpiraterpiraterpiraterpiraterpiraterpiraterpiraterpiraterpiraterpiraterpiraterpiraterpiraterpiraterpiraterpiraterpiraterpiraterpiraterpiraterpiraterpiraterpiraterpiraterpiraterpiraterpiraterpiraterpiraterpiraterpiraterpiraterpiraterpiraterpiraterpiraterpiraterpiraterpiraterpiraterpiraterpiraterpiraterpiraterpiraterpiraterpiraterpiraterpiraterpiraterpiraterpiraterpiraterpiraterpiraterpiraterpiraterpiraterpiraterpiraterpiraterpiraterpiraterpiraterpiraterpiraterpiraterpiraterpiraterpiraterpiraterpiraterpiraterpiraterpiraterpiraterpiraterpiraterpiraterpiraterpiraterpiraterpiraterpiraterpiraterpiraterpiraterpiraterpiraterpiraterpiraterpiraterpiraterpiraterpiraterpiraterpiraterpiraterpiraterpiraterpiraterpiraterpiraterpiraterpiraterpiraterpiraterpiraterpiraterpiraterpiraterpiraterpiraterpiraterpiraterpiraterpiraterpiraterpiraterpiraterpiraterpiraterpiraterpiraterpiraterpirater],[greenkitten baes majestic azkedar],,,,,[croc greenkitten city mazznoff askedar],,,,[hanzu],,"[gantoe
gantoe
gantoe
gantoe
gantoe
]",,,,,,"[specifilanguage, given cel_eri's whothefuckareyouness]",,,,,,,,,
cinzar,,,,,,,,,,,,,,,,,,,,,,"[1. Squareblob
2. Citylion
3. R3Y\_J04N
4. Pirater
5. C4mmo
6. Rakkwal
7. Gantoe]",,,,,,,,,,,,,,,"[Godomasta

ProgramMC

KingCold64

Jecowa

Raven

C4mmo

HenryDraton

Gantoe

Greenkitten

DrChingChongUn

Shadow516]",,,,,,,,"[ 

1 KingCold64

2 Isit2004

3 Raven

4 Puppyface08

5 Greenkitten

6 Aimauri

7 Smaldragon

8 DrChingChongUn

9 Shadow516

10 Asakuun]",,,,,,,,,,,,,,
lightningron,,,,,,,,,,,,,,,,,,,,,,[Citylion],,,,,,,,[Godomasta],,,,,,,,,,,,,,,,,,,,,,,,,,,,,
Oli_Bear,,,,,,,,,,,,,,,,,,,,,,"[squareblob

rakkwal

gantoe

pirater]",,[gantoe],,,,,,[Godomasta],,[pirater],[azdekar],[greenkitten],[comradenick],,"[ProgramMC

Godomasta

Jecowa

HenryDraton

Cammo

Kingcold

Gantoe

Raven

Greenkitten

DrChingChongUn

Shadow516]","[azdekar

citylion

mazz

greenkitten

guiltbot

aimuari

cr0c]","[Godomasta


Rakkwal


ComradeNick


GreenKitten


IedomatsDraugs


SpaceVolcano]",,"[Rakkwal


jecowa


Crimeo


HiggenBottoms


Guiltbot2


Cr0c0dile


DrChingChongUn]","[HanTzu

azkedar

greenkitten

Guiltbot2

Aimuari

thomasih / Shadow516

ZachAttack / IedomatsDraugs

]","[1 Godomasta 


2 Crimeo


3 Aimuari


4 WPLibrar


5 ChingChongUn]","[Gantoe

Greeenkitten

Figasaur

Daelvn

Quinn]","[Asakuun

KingCold54

Isit

Raven/Bienenkoenigin

Puppyface08/SacredWarlord

Greenkitten

Aimauri

EliteDuck

Smal

Shadow516]",,,"[Crimeo

lockeddoor

KingCold64

Greenkitten

guiltbot2

Aimauri

Cr0codile

]",[my man godomasta],,,,,,,,,,
daddo69,,,,,,,,,,,,,,,,,,,,,,"[1.Rakkwal

2.Pirater

3.c4mmo]",,,,,,,,,,,,[Raven],,,,"[Citylon

Mazz

Greenkitten

Croc]",,,,"[HanTzu

Greenkitten
]",,,,,,,,,,,,,,,,,
crimeo,,,,,,,,,,,,,,,,,,,,,,"[Rakkwal, R3Y, Squareblob, Citylion]",,,,,,,,"[Citylion, Godomasta, Centi]",,[dchero],[Muh boy azkedar. Also second place shout out to guiltbot],,"[1. Crimeo 2. ComradeNick, 3. Guiltbot]","[Azkedar, pirater, raven]","[* jecowa

* ProgramMC

* Godomasta

* HenryDraton

* Raven

* C4mmo

* Kingcold]","[Azkedar, Citylion, guiltbot]","[Godo, Rakkwal, Nick]",,"[1. Crimeo 2. Jecowa 3. Rakkwal 4. Guiltbot 5. Croc 6. Eliteduck, and Higgens dropped out I believe]","[Azkedar, hantzu, guiltbot]",[1. Crimeo 2. Godomasta 3. WPLibrar2 4. Aimuari 5. Eliteduck],"[Gantoe, Daelvn, Quinn, Figasaur, Greeenkitten]","[* Isit
* Asakuun
* Kingcold
* RavenMC
* Aimuari]","[Rakkwal (first), Citylion, KingCold, Droidjoe, Higgenbottoms (last)]","[1. Ahri

2. KingCold64

3. HenryDraton

4. Figasaur

5. Gantoe

6. Mikey

7. Colada

8. DroidJoe

9. Kdeeks]","[* Crimeo

* Kingcold

* Aimuari

* Guiltbot

* Lockeddoor

* Cr0c

* Greenkitten]",,,[Muffinbomb97],"[~~c4mmo~~ Am changing my vote to muffinbomb97, ditto rakkwal's reasons above]","[1. Crimeo

2. Jecowa

3. Citylion

4. SwissAndHam

5. DroidJoe]",,,,,,
Rakkwal,,,,,,,,,,,,,,,,,,,,,,"[squareblob  
Citylion  
C4mmo  
Pirater   
R3y   
Gantoe  
Rakkwal
]",,,,,,,,,,,,,,,,,,,,,"[1. Crimeo
2. Godomasta
3. WPLibrar
4. Aimuari
5. ChingChongUn]",,,[Rakkwal!],"[ 1. Ahrimanne
 2. KingCold64
 3. Colada
 4. Mikey
 5. Figasaur
 6. Gantoe_
 7. DroidJoe
 8. Kdeeks
 9. HenryDraton]",,"[1.Godomasta    
2.Dwoid  
3.Aardvark  
4.Cheeto]",,"[As I stated in the previous election, c4mmo has a lot to learn about MTA and her constitution. He's not without merit though.  
I vote muffinbomb]","[~~C4Mmo~~    
on reflection, as much as i like c4mmo, he shows a great misunderstanding of the constitution and its applications.  
muffinbomb]","[
1. SwissAndHam

]",[KingCold],[Ahrimanne],[Rakkwal The_Hobbyist],[Rakkwal],[ProgramMC],
ActualPirater,,,,,,,,,,,,,,,,,,,,,,"[Pirater, C4mmo, Gantoe, squareblob]",,,,,,,,,[Pirater],"[Pirater, GamePhobic, Waffle4Breakfast]",,"[1 - Pirater

2 - RavenMC

3 - AllenY

4 - Thomasih

^(sorry callum, i love you still and you're a great perrson but these peoplea re my voted candidete.s)]",,"[Pirater
Gregy165
Raven]",,,,"[Pirater 
Citylion
DroidJoe
DCHERO ]",,,,,,,,,,,,,,,,,,,[I vote for Blockbuster.]
RedSkilZZ,,,,,,,,,,,,,,,,,,,,,,"[1.Citylion

2.Squareblob]",,,,,,,,[ Godomasta ],,,,,,,,,,,,,,,,,,,,,,,,,,,,,
Lodish_mc,,,,,,,,,,,,,,,,,,,,,,"[ R3Y\_J04N,  Citylion,  Pirater,  C4mmo,  squareblob ]",,,,,,,,,,,,,,,,,,,,,,,,,,,,,,,,,,,,,
___PatrickBateman___,,,,,,,,,,,,,,,,,,,,,,[citylion],,"[1. Fellow 1.0 old friend Dr. Oracle
2. Gantoe]",,,[Azkedar],,,[CITYLION!],[AllenY],,[Azkedar],"[[DCHERO](https://i.imgur.com/dADSjFO.jpg)

&#x200B;]",[crimeo],[Azkedar],,"[1. citylion
2. Azkedar

&#x200B;]",,,,"[1. HanTzu
2. azkedar]",,[Though we are sworn enemies: Gantoe\_],,,,,,,,,,,,,,,
comped,,,,,,,,,,,,,,,,,,,,,,[1. Citylion],,"[1. Dr_Oracle

2.  Gantoe]",,,,,,,,,,,,,,,,,,,,,,,,,,,,,,,,,,,
RunkarN_,,,,,,,,,,,,,,,,,,,,,,"[Square

Citylion

Gantoe

(The only 3 people I've seen in mta)]",,,,,,,,,,,,,,,"[Godomasta

Program

Henry

King]","[1- Azkedar
2- Citylion
3- Guiltbot]",,,,,,,,,,,,,,,,,,,,,
MagmusCivcraft,,,,,,,,,,,,,,,,,,,,,,"[1: Citylion

2: Squareblob 

3: Rakkwal

4: R3Y

5: C4Mmo

6: Pirater

7: Gantoe
]",,,,,,,,,,,,"[1: DCHERO
2: Stardarkness
3: AllenY
4: RavenMC
5: Pirater
6: Thomasih
7: Cr0c]",,,,,,"[1. citylion
2. Pirater
3. DCHERO
4. DroidJoe]",,,,,,,,,,,,,,,,,,,
Miner174,,,,,,,,,,,,,,,,,,,,,,,,"[Oracle, MicrosoftOneNote, Gantoe]",,,,,,[Citylion],,,,,,,,,,,,,,,,,,,,,,,,,,,,,
SpiritoftheSands,,,,,,,,,,,,,,,,,,,,,,,,[1. Microsoftonenote],,,,,,,,,,,,,,,,,,,,,,,,,,,,,,,,,,,
JBird0070,,,,,,,,,,,,,,,,,,,,,,,,,,,,,,[Godomasta ],,,,,"[Dchero has been a good neighbor but I think Crimeo being a seemingly popular incumbent means I should support him.

Voting for Crineo]",,,,,,,,,,,,,,,,,,,,,,,,
Dolan_Draper,,,,,,,,,,,,,,,,,,,,,,,,,,,,,,"[1. Godomasta
2. Citylion]",,,[1.	Azkedar],,"[1. ComradeNick
2. Crimeo]",,"[HenryDraton

Godomasta

ProgramMC

C4mmo

jecowa

Gantoe

DrChingChongUn

Greenkitten

KingCold64

Raven/Bienenkoenigin

Shadow516]","[1.	Azkedar
2.	citylion1]",,"[1.	citylion 
2.	DroidJoe
3.	Pirater
4.	DCHERO]","[1. Rakkwal
2. jecowa
3. Crimeo
4. Guiltbot2]","[1. HanTzu
2. azkedar

*edited, change of vote at 1800 NZT 20181019.]",,[Gantoe],,,,"[Crimeo

KingCold54

lockeddoor

guiltbot2

Aimuari

Greenkitten

C0rcodile]",,,,,,,,,,,
MrLlamma,,,,,,,,,,,,,,,,,,,,,,,,,,,,,,[Godomasta],,,,,[Crimeo ],,,,,,,,,,,,,,,,,,,,,,,,
Varkanos,,,,,,,,,,,,,,,,,,,,,,,,,,,,,,[Godomasta],,,,,,,,,,,,,,,,,,,,,,,,,,,,,
MtndewTBWW,,,,,,,,,,,,,,,,,,,,,,,,,,,,,,[Godomasta],,,,,"[Crimeo

&#x200B;]",,,,,,,,,,,,,,,,,,,,,,,,
KuntChunky,,,,,,,,,,,,,,,,,,,,,,,,,,,,,,[Godomasta],,,,,,,,,,,,,,,,,,,,,,,,,,,,,
Eddiison2013,,,,,,,,,,,,,,,,,,,,,,,,,,,,,,[Godomasta],,,[Azkedar],,[Crimeo.],,"[1.	â Godomasta
2.	â ProgramMC
3.	â KingCold64
4.	â Raven
5.	â HenryDraton
6.	â Gantoe
7.	â C4mmo
8.	â jecowa
9.	â Greenkitten
10.	â DrChingChongUn
11.	â Shadow516]",,,[Citylion.],,,,,,,,,,,,,,,,,,,
MrErrantry,,,,,,,,,,,,,,,,,,,,,,,,,,,,,,"[1. Godomasta
2. Citylion
3. Greenkitten
4. Centi
5. ChrisChrispie]",,,,,[crimeo],,,,,,,,,,,,,,,,,,,,,,,,
HeydoodXD,,,,,,,,,,,,,,,,,,,,,,,,,,,,,,[Godomasta CUZ HES GONNA GET US THE MONEY],,,,,,,,,,,,,,,,,,,,,,,,,,,,,
i6olden,,,,,,,,,,,,,,,,,,,,,,,,,,,,,,[1. Godomasta],"[i6olden
Do i vote too?]",,[Azkedar],,,,[1. Godomasta],"[1. Azkedar
2. Aimauri]",[1. Godomasta],,,[1. Azkedar],"[1. Godomasta
2. Crimeo
3. WPLibrar
4. Aimuari
5. ChingChongUn]",,,,,,"[1. Godomasta
2. Cheeto
3. WrongAardvark
4. DroidJoe]",,,,,,,,,,
Sablemaine,,,,,,,,,,,,,,,,,,,,,,,,,,,,,,"[1. Godomasta

He helped me with food haha]",,,,,,,,[Azkedar],,,,,,,,,,,,,,,,,,,,,
Antonius_Marcus,,,,,,,,,,,,,,,,,,,,,,,,,,,,,,"[1. Godomasta

2. GreenKitten

3. CityLion]",,,"[1. Azkedar

2. Greenkitten

3. MajesticGuess 

4. Cr0c 
]",,"[1. Crimeo

2. Callum

3. Greenkitten ]",,,,,,,,,,,,,,,,,,,,,,,,
Sentipede777,,,,,,,,,,,,,,,,,,,,,,,,,,,,,,"[1. Citylion
2. ChrisChrispie]",,,,,"[1. ComradeNick
2. Crimeo]",,"[ProgramMC
KingCold64
Greenkitten
Gantoe]",,,,,,"[1. Crimeo
2. Aimuari]",,,,,,,,,,,,,,,,
SabotTheCat,,,,,,,,,,,,,,,,,,,,,,,,,,,,,,[Godomasta],,,[Azkedar],,"[MORE PREFERRED  
1. callum

2. F1sh98

3. crimeo  
LESS PREFERRED   
]",,,,,,,,,,,,,,,,,,,,,,,,
stormsweeper,,,,,,,,,,,,,,,,,,,,,,,,,,,,,,"[Godomasta

ChrisChrispie

Greenkitten

Centi

Citylion]",,,[Azkedar],,,,,,,,,,,,,,,,,,,,,,,,,,
R0mec,,,,,,,,,,,,,,,,,,,,,,,,,,,,,,"[1 Citylion
2 Godomasta
3 ChrisChrispie
4 Centi
5 Greenkitten
]",,,,,,,"[1 HenryDratonâ 
2 â C4mmo
â 3 Gantoe
4 Godomasta
5 ProgramMC
6 â KingCold64
â 7 Raven
8 â jecowa
â 9 Greenkitten
â 10 DrChingChongUn
â 11 Shadow516]",,,,"[1 Rakkwal

2 jecowa

3 Crimeo

4 Guiltbot2

5 DrChingChongUn

6 Cr0c0dile]",,"[1. Godomasta
2. Aimuari
3. Crimeo
4. WPLibrar
5. ChingChongUn]",,,"[1.Rakkwal

2.kingcold64

3.droidjoe

4.citylion

5.higgenbottoms

]","[1. Ahri

2. HenryDration

3. Gantoe

4. DroidJoe

5. kdeeks

6. Kingcold

7. Fig]","[1 lockeddoor

2 KingCold64

3 Crimeo

4 Guiltbot2

5 Aimuari

6 Greenkitten

7 Cr0c0dile]","[1. Godomasta

2. DroidJoe

3. WrongAardvark

4. Cr0c0dile
]",,[C4mmo],"[I vote C4mmo
]","[1. Swiss
2. Jecowa
3. Droid
4. Gavjenks
5. Citylion]",,[C4Mmo],"[Muffinbomb97, Rakkwal]",[Godomasta],[ProgramMC],[I vote Sakuya_lzayoi (Ahrimanne)]
hamboy_jr,,,,,,,,,,,,,,,,,,,,,,,,,,,,,,[1. Citylion 2. Centi 3. Greenk],,,"[Azkedar
Cr0c
Baes]",,[1. ComradeNick 2. Crimeo ],,,,,,,,,,,,,,,,,,,,,,,,
Jett213,,,,,,,,,,,,,,,,,,,,,,,,,,,,,,[Godomasta],,,,,,,,,,,,,,,,,,,,,,,,,,,,,
_Adamn_,,,,,,,,,,,,,,,,,,,,,,,,,,,,,,[Godomasta],,,,,,,,,,,,,,,,,,,,,,,,,,,,,
Ghalen37,,,,,,,,,,,,,,,,,,,,,,,,,,,,,,[Godomasta],,,,,,,,,,,,,,,,,,,,,,,,,,,,,
BritishW4nderer,,,,,,,,,,,,,,,,,,,,,,,,,,,,,,"[1. Godomasta 

2. Chrischrispie

]",,,,,"[1. crimeo 

2. Callum ]",,,,,,,,,,,,,,,,,,,"[1. KingCold64

2. DroidJoe

3. Crimeo ]",,,,,
iS4NTA,,,,,,,,,,,,,,,,,,,,,,,,,,,,,,"[1. Godomasta
2. ChrisChrispie]",,,[Azkedar],,,,"[HenryDraton

Godomasta

ProgramMc  
]",,,,,,,,,,,,,,,,,[1. DroidJoe],,,,,
SchoolWasVHard,,,,,,,,,,,,,,,,,,,,,,,,,,,,,,"[1. Godomasta
2. ChrisChrispie]",,,[Azkedar.],,,,,,,,,,,,,,,,,,,,,,,,,,
Capri-,,,,,,,,,,,,,,,,,,,,,,,,,,,,,,[Citylion],,,,,[nick],,,,,,,,,,,,"[HenryDraton

Kdeeks

DroidJoe

Ahri

Gantoe_

Fig

KingCold]",,,,,,,,,,,,
BuckyHD,,,,,,,,,,,,,,,,,,,,,,,,,,,,,,[Citylion],,,,,,,,,,,,,,,,,,,,,,,,,,,,,
mightyoddish,,,,,,,,,,,,,,,,,,,,,,,,,,,,,,"[1. Godomasta
2. Centi 
3. Greenkitten
4. Chriscrhispie
5. Citylion]",,,,,"[1. Crimeo 
2. F1sh
3. Callum
4. dchero
5. Greenkitten 
6. Guiltbot2
7. Comradenick]",,,,,,,,,,,,,,,,,,,,,,,,
ChiefEagle,,,,,,,,,,,,,,,,,,,,,,,,,,,,,,[ChrisChrispie],,,,,,,,,"[Not registered but if I had to vote

Rakkwal

ComradeNick

Zackattack

Godo

Space

Green

Godo being mayor is a good meme. Have fun with another election when he quits again in a few weeks.]",,,,,,,[DroidJoe],"[1. Ahri

2. DroidJoe

3. Gantoe

4. HenryDration

5. kdeeks

6. Colada

7. Mikey

8. Kingcold

9. Fig]",,"[1. DroidJoe

2. Cheeto

3. Godomasta

4. Wrongaardvark]",,,,"[1. DroidJoe

2. Crimeo / GavJenks

3. SwissAndHam

4. CityLion

5. Jecowa]","[1. DroidJoe

2. Kingcold

3. Crimeo]",[Ahri],[Rakkwal Hobbyist],,,[I vote for Ahri]
littleChubs,,,,,,,,,,,,,,,,,,,,,,,,,,,,,,"[1. Citylion
2. Godomasta
3. Greenkitten
4. Centi
5. Chrischrispie]",,,,,[Nick],,,,,,,,,,,,,,,,,,,,,,,,
Kdeeks,,,,,,,,,,,,,,,,,,,,,,,,,,,,,,"[1. Citylion
2. ChrisChrispie]",,,,,"[1. Crimeo
2. ComradeNick
]",,,"[1. Citylion 
2. Croc
3. Aimuari ]",,,,,,,,[Citylion!],,,,,,,,,,,,,
ImASimpleBastard,,,,,,,,,,,,,,,,,,,,,,,,,,,,,,"[1.) Citylion
2.) Greenkitten
3.) Centi]",,,,,,,,"[1.) Citylion  
2.) Aimuari  
3.) Greenkitten  
]",,,,"[1.) Han-Tzu.  ðŸ˜˜

2.) Aimuari.

3.) Greenkitten.

4.) ZachAttack.]",,,,[Rakkwal.],"[1. Colada
2. Mikey
3. Ahrimanne
4. Gantoe_
5. Kdeeks
6. Figasaur
7. HenryDraton
8. KingCold
9. DroidJoe]",,,,[C4mmo],[C4MMO],"[1. SwissAndHam
2. Gavjenks
3. Jecowa
4. CityLion
5. DroidJoe]",,,,,,
Prioma,,,,,,,,,,,,,,,,,,,,,,,,,,,,,,"[Citylion

Centi

Greenkitten]",,,[Azkedar ],,,,"[ProgramMC

Jecowa

Gantoe

Greenkitten

Godomasta]","[**EDITED TO MAKE CITYLION 1ST VOTE PLS PAY ATTENTION THANKS FOR READING**

Citylion

Azdekar

Aimuari

Greenkitten]",,,,,,,,,,,,,,,,,,,,,
Wolde_Mikael,,,,,,,,,,,,,,,,,,,,,,,,,,,,,,"[1. Centi
2. Greenkitten
3. Citylion]",,,,,,,"[1. Godomasta
2. Jecowa
3. ProgramMC]",,"[1. ComradeNick
2. Rakkwal ]",,,"[HanTzu 

Greenkitten

azkedar ]",,,,,,,,,,,,,,,,,
GoldSmith_,,,,,,,,,,,,,,,,,,,,,,,,,,,,,,[Citylion],,,,,,,"[HenryDraton

jecowa

Gantoe]",[Citylion],,,"[Crimeo

jecowa

Rakkwal ]",,"[1. Crimeo
2. WPLibrar
3. Aimuari


---

**/u/TheHobbyist94 you gov. lawyer - I have the legal right to protest**

---

**I am protesting the election rules that require us to register seven days before an election in order for our votes to  count.**

*People have been voting in real life for thousands of years. Voting should be tied to property ownership. Which goes in line perfectly with the dereliction process we already have.*

**Make it simple:**

+ Take a snap with the voters tree and link a pic to your plot with cords (you may have more then one property, so you pic the one that you use the most).

+ The government adds your name to the voter list

+ If the property you listed is ever derelict then you have to re-register to vote following the same process above.

*This way the election officials only have to check one record each election (property record, which only changes with dereliction) and anyone on that list can vote anytime they want whenever they want*.

---

]",,,,"[1. Ahri
2. KingCold64
3. HenryDraton
4. Figasaur
5. Gantoe
6. Mikey
7. Colada
8. DroidJoe
9. Kdeeks]","[Crimeo

Lockeddoor

Kingcold

Aimuari

Guiltbot

]",,,,,"[1. Crimeo
2. Citylion
3. Jecowa
4. DroidJoe]",,[C4Mmo],"[**The_Hobbyist + Rakkwal**

>THE CLEAR FOR CHOICE MTA JUDGE

]",,[ProgramMC],
cbau,,,,,,,,,,,,,,,,,,,,,,,,,,,,,,"[1. Citylion
2. Godomasta
3. Centi]",,,,,[crimeo],,,,,,,,,,,,,,,,,,,,,,,,
Ladezkik,,,,,,,,,,,,,,,,,,,,,,,,,,,,,,"[1. Citylion
2. Godomasta
3. Greenkitten
4. Centi
5. ChrisChrispie]",,,,,,,,,,,,"[HanTzu

ZachAttack]",,,,[Citylion],,,,,,,,,,,,,
ChrisChrispie,,,,,,,,,,,,,,,,,,,,,,,,,,,,,,[I vote for ChrisChrispie],,,,,,,,,,,,,,,,,,,,,,,,,,,,,
MagierTC,,,,,,,,,,,,,,,,,,,,,,,,,,,,,,[Godomasta],,,,,,,,,,,,,,,,,,,,,,,,,,,,,
boooiil,,,,,,,,,,,,,,,,,,,,,,,,,,,,,,[Godomasta ],,,,,,,,,,,,,,,,,,,,,,,,,,,,,
TablespoonOfAnger,,,,,,,,,,,,,,,,,,,,,,,,,,,,,,[Godomasta],,,,,,,,,,,,,,,,,,,,,,,,,,,,,
Lightning_Owl,,,,,,,,,,,,,,,,,,,,,,,,,,,,,,,,,"[1. azkedar 

2. baes20]",,,,,"[azkedar 
citylion 
aimuari]",,,,,,"[Daelvn 

Gantoe ]",,,,,,,,,,,,,,,
RomaVicktor,,,,,,,,,,,,,,,,,,,,,,,,,,,,,,,,,[AZKEDAR],,,,,,,,,,,,,,,,,,,,,,,,,,
HerrCr0c,,,,,,,,,,,,,,,,,,,,,,,,,,,,,,,,,"[1. Cr0c

2. Greenkitten

3. MajesticGuess

4. Baes20

5. Guiltbot2

6. Azkedar
]",,,,"[1. HenryDraton

2. jecowa

3. Shadow516

4. DrChingChongUn

5. ProgramMC

6. Greenkitten

7. Gantoe

8. Godomasta

9. Raven

10. C4mmo

11. Kingcold64]","[Cr0c

azkedar

guiltbot

Greenkitten

Aimuari

mazznoff

citylion]","[1. ComradeNick

2. Greenkitten

3. Spacevolcano

4. IedomatsDraugs

5. Rakkwall

6. Godomasta]",,"[1. Cr0codile

2. jecowa

3. GuiltBot2

4. DrChingChongUn

5. Crimeo

6. Rakkwal

7. Higgenbottoms]","[1. Azkedar

2. greenkitten

3. thomasih

4. Aimuari

5. ZachAttack

6. Guiltbot2

7. HanTzu]","[1. Aimuari

2. ChingChongUn

3. WPlibrar

4. Crimeo

5. Godomasta]","[1. Figasaur

2. Gantoe

3. Greenkitten]",,,,,"[1. Cr0c0dile
2. Wrongaardvark
3. DroidJoe
4. Godomasta]",,,,,,,,,,
spada81,,,,,,,,,,,,,,,,,,,,,,,,,,,,,,,,,[Azkedar],,[Crimeo],,,,,,,"[1. HanTzu

2. Aimuari

3. Thomasih

4. ZachAttack

5. Azkedar

6. Guiltbot

7. Greenkitten
]",,,,,,,,,,,,,,,,,
_Renhorn_,,,,,,,,,,,,,,,,,,,,,,,,,,,,,,,,,[azkedar],,,,,"[1. Citylion
2. Aimuari]",,,,,,,,,,,,,,,,,,,,,
QueenSkinny,,,,,,,,,,,,,,,,,,,,,,,,,,,,,,,,,[citylion],,,,,,,,,,,,,,,,,,,,,,,,,,
Jimmyman5,,,,,,,,,,,,,,,,,,,,,,,,,,,,,,,,,,[isn't thomasih wanted atm?],,,,,,,,,,,,,,,,,,,,,,,,,
KalinkaKochana,,,,,,,,,,,,,,,,,,,,,,,,,,,,,,,,,,,,,"[HenryDraton

Shadow516

GreenKitten

Jecowa

Gantoe

ProgramMC

Godomasta

KingCold64

C4mmo

DrChingChongUn

Raven/BienenKoenigin]",,,,,,,,"[Shadow516

GreenKitten

EliteDuck]",,,"[Cr0codile

Greenkitten

Crimeo

lockeddoor

Aimuari

KingCold64

Guiltbot2

&#x200B;]",,,,,,,,,,,
Raptor_Sympathizer,,,,,,,,,,,,,,,,,,,,,,,,,,,,,,,,,,,,,"[HenryDraton

Jecowa

ProgramMC

C4mmo

Raven

Gantoe]",,,,"[While unable to vote, I endorse Rakkwal for judge.]",,,,,,,,,,,,,,,,,,
So_Thats_Nice,,,,,,,,,,,,,,,,,,,,,,,,,,,,,,,,,,,,,"[HenryDraton

Godomasta

Jecowa

ProgramMC

C4mmo
]",,,,"[Rakkwal

Higgensbottoms

Jecowa

Crimeo]",,"[1: Godomasta

2: Crimeo

3: WPLibrar
]",,,,,"[Crimeo

lockeddoor

Aimuari

KingCold54]",,,,,,,,,,,
Asakuun_v2,,,,,,,,,,,,,,,,,,,,,,,,,,,,,,,,,,,,,"[~~HenryDraton~~  
ProgramMC  
jecowa  
Godomasta  

**Changed as of 2018.08.31, 13:23. Pinging /u/Ahrimanazu to notify of the change.**]",,,,"[1. Rakkwal  
2. jecowa  
3. crimeo  
4. GuiltBot2]",,,,"[Isit  
KingCold  
Aimuari]",,,"[Aimuari  
Crimeo  
KingCold64  
lockeddoor]",,,,,,,,,,,
azkedar,,,,,,,,,,,,,,,,,,,,,,,,,,,,,,,,,,,,,"[ProgramMC

Jecowa

HenryDraton

C4mmo

Raven

Godomasta

KingCold64

Gantoe

DrChingChongUn

Shadow516

Greenkitten]","[1. azkedar

2. citylion1
]","[1. Godo

2. Rakkwal

]",,"[1. jecowa
2. Rakkwal]","[1. azkedar
2. HanTzu]",,"[Daevln

Gantoe

Quinn

Greenkitten

Figasaur]","[Asakuun

Isit2004

KingCold64

Raven

Aimuari

Smal

Puppyface08

Greenkitten

Shadow516

EliteDuck]",,,"[Crimeo

lockeddoor

KingCold64

Aimauri

guiltbot2

Cr0codile

Greenkitten
]",,"[1. specificlanguage - seems to have the best qualifications
2. cel_eri - seems to have good intentions]",,,,,,,,,
Justitiaria,,,,,,,,,,,,,,,,,,,,,,,,,,,,,,,,,,,,,"[1. ProgramMC
1. Jecowa
1. Greenkitten]",,,,"[1. Rakkwal

I will only cast one vote this time. Crimeo has my vote next election though ðŸ˜˜.

]",,"[1. Crimeo
2. Aimuari
3. Godomasta
4. WPLibrar
5. ChingChongUn]",,,,,"[1. Crimeo
1. Kingcold
1. Greenkitten]",,,,,,,,,,,
duke_arioch,,,,,,,,,,,,,,,,,,,,,,,,,,,,,,,,,,,,,"[HenryDraton (/u/HDraton )

ProgramMC (/u/ProgramMC)

jecowa (/u/jecowa)

Gantoe (/u/davsn)
]",,,,,,,,,,,,,,,,,,,,,,
Higgenbottoms,,,,,,,,,,,,,,,,,,,,,,,,,,,,,,,,,,,,,"[Godomasta
ProgramMC
KingCold64
Raven
Gantoe
HenryDraton
C4mmo
Jecowa
Greenkitten
DrChingChongUn
Shadow516]",,,,"[1. Rakkwal

]",,"[1. Godomasta

2. Crimeo

3. WPLibrar]",,,"[Has /u/rakkwal dropped out?

EDIT: I see him now. I vote for Rakkwal.

1.	Rakkwal
2.	KingCold64
3.	DroidJoe
4.	Citylion
5.	Higgenbottoms ]","[ 1. Ahrimanne
 2. Mikey
 3. KingCold64
 4. HenryDraton
 5. Figasaur
 6. Gantoe_
 7. Kdeeks
 8. Colada
 9. DroidJoe]",,"[1.	DroidJoe
2.	GodoMasta
3.	Cheeto
]",,,,"[1.	SwissAndHam 
2.	Citylion 
3.	Jecowa
4.	Crimeo 
5.	DroidJoe ]",[1.	KingCold],,,,,
mazznoff,,,,,,,,,,,,,,,,,,,,,,,,,,,,,,,,,,,,,"[1. ProgramMC
2. Greenkitten
3. Jecowa
4. C4mmo

/u/jecowa I changed my previous vote
]","[citylion

mazznoff

greenkitten

vote changed: /u/jecowa]",,,,"[1.  HanTzu 
2.  greenkitten ]",,,,,,,,,,,,,,,,,
Greeenkitten,,,,,,,,,,,,,,,,,,,,,,,,,,,,,,,,,,,,,"[1. Greenkitten

2. Programmc

3. jecowa

4. Gantoe]","[1. Greenkitten

2. Mazznoff

3. Cr0c]",,,,"[1. Greenkitten

2. HanTzu 

3. azkedar]",,"[1. greenkitten

2. gantoe

3. figasaur]","[1. Greenkitten 

]",,,"[1. greenkitten

2. cr0c0dile

3. Aimuari

]",,,,,,,,,,,
shadedoom888,,,,,,,,,,,,,,,,,,,,,,,,,,,,,,,,,,,,,"[Gantoe


jecowa


HendryDraton


greenkitten
]","[Citylion1


Aimuari


Azkedar]","[1: ComradeNick


2: Godomasta


3: Rakkwal]",,,"[Hantzu


Aimuari


azkedar


greenkitten]",,,,,,,,,,,,,,,,,
Elithys,,,,,,,,,,,,,,,,,,,,,,,,,,,,,,,,,,,,,"[1. ProgramMC
2. Greenkitten]",,,,,,,,,,,,,,,,,,,,,,
Roger_the_Shrub,,,,,,,,,,,,,,,,,,,,,,,,,,,,,,,,,,,,,"[ **ProgramMC** 

 **Greenkitten** ]",,,,,,,,,,,,,,,,,,,,,,
_Monokuma,,,,,,,,,,,,,,,,,,,,,,,,,,,,,,,,,,,,,[programmc],,,,,,,,"[1- asakuun

2- isit2004]",,,,,,,,,,,,,,
TehBoxxeh,,,,,,,,,,,,,,,,,,,,,,,,,,,,,,,,,,,,,"[1. HenryDraton

2. Godomasta]",,,,,,,,,,,,,,,,,,,,,,
fullmetalrichter,,,,,,,,,,,,,,,,,,,,,,,,,,,,,,,,,,,,,"[1. ProgramMC
2. Godomasta
3. Jecowa
4. HenryDraton]",,,,"[1. Jecowa
2. Rakkwal
3. Crimeo
4. Higgenbottoms
5. DrChingchongun
6. Cr0codile
7. GuiltBot2]",,,,,,,,,,,,,,,,,,[I vote for Droidjoe]
pestomime,,,,,,,,,,,,,,,,,,,,,,,,,,,,,,,,,,,,,"[Henry

Gantoe

Greenkitten

&#x200B;]",,"[1. nick

2. greenkitten]",,,,,,,,,,,,,,,,,,,,
GuyThreepwoodPJ,,,,,,,,,,,,,,,,,,,,,,,,,,,,,,,,,,,,,"[Program MC

C4mmo]",,,,,,,,,,,,,,,,,,,,,,
zestysquill,,,,,,,,,,,,,,,,,,,,,,,,,,,,,,,,,,,,,"[godomasta

&#x200B;]",,,,,,,,,,,,,,,,,,,,,,
MrUnderhill_,,,,,,,,,,,,,,,,,,,,,,,,,,,,,,,,,,,,,[ProgramMC],,"[My master, Godomasta]",,,,,[Gantoe],"[KingCold

puppyface08]",,,"[Crimeo

lockeddoor

KingCold54

Aimuari

Greenkitten

Guiltbot2

cr0codile]",,,,,,,,,,,
TheElixirOfLife,,,,,,,,,,,,,,,,,,,,,,,,,,,,,,,,,,,,,"[1. Godomasta

2. ProgramMC

3. KingCold64

4. Raven/Bienenkoenigin

5. C4mmo

6. Gantoe

7. HenryDraton

8. jecowa

9. Greenkitten

10. DrChingChongUn

11. Shadow516]",,,,,,,,,,,,,,,,,,,,,,
jonassn1,,,,,,,,,,,,,,,,,,,,,,,,,,,,,,,,,,,,,"[**Godomasta**

**Raven/Bienenkoenigin** 

**ProgramMC**

**KingCold64**

**C4mmo**

**HenryDraton**

**Gantoe**

**jecowa**

**Greenkitten**

**DrChingChongUn** 

**Shadow516**]",,"[1. Godomasta
2. Rakkwal
3. SpaceVolcano
4. ComradeNick
5. Greenkitten ]",,"[1. **Rakkwal** 
2. **Higgenbottoms**
3. **Crimeo**
4. **jecowa**
5. **GuiltBot2**
6. **DrChingChongUn**
7. **Cr0codile**]",[ **azkedar** ],"[1. Godomasta
2. Crimeo
3. WPLibrar
4. ChingChongUn 
5. Aimuari]","[Gantoe

Daelvn

Greenkitten

Figasaur]","[**KingCold64 (**[/u/Fladeedledoddle](https://www.reddit.com/u/Fladeedledoddle)**)**

**RavenMC (**[/u/RavenMC\_](https://www.reddit.com/u/RavenMC_)**)**

**Isit2004 (**[/u/Isit2003](https://www.reddit.com/u/Isit2003)**)**

**ScarredWarlord/Puppyface08 (**[/u/MrUnderhill\_](https://www.reddit.com/u/MrUnderhill_)**)**

**Smal (**[/u/Smaldragon](https://www.reddit.com/u/Smaldragon)**)**

**Asakuun (**[/u/Asakuun\_v2](https://www.reddit.com/u/Asakuun_v2)**)**

**EliteDuck (**[/u/EliteDuck](https://www.reddit.com/u/EliteDuck)**)**

**Greenkitten (**[/u/Greeenkitten](https://www.reddit.com/u/Greeenkitten)**)**

**Shadow516 (**[/u/MajesticGuess](https://www.reddit.com/u/MajesticGuess)**)**

**Aimauri (**[/u/Aimauri\_](https://www.reddit.com/u/Aimauri_)**)**]",[Rakkwal],"[1 Ahri
2 Henry]","[1.  Crimeo
2. KingCold54
3. lockeddoor
4. guiltbot2
5. Aimuari
6. Greenkitten
7. C0rcodile]",,,,,"[1 Swiss
2 Jecova
]",,,,,,
LordofMarzipan,,,,,,,,,,,,,,,,,,,,,,,,,,,,,,,,,,,,,"[1. Godomasta (/u/Godomasta)

2. ProgramMC (/u/ProgramMC)

3. jecowa (/u/jecowa)

4. KingCold64 (/u/Fladeedledoddle)

5. HenryDraton (/u/HDraton)

6. Raven/Bienenkoenigin (/u/RavenMC_)

7. C4mmo (/u/Your_Mothers_Dildo_)

8. Greenkitten (/u/Greenkitten)

9. Gantoe (/u/davsn)

10. Shadow516 (/u/MajesticGuess)

11. DrChingChongUn (/u/EliteDuck)]","[1. Azkedar
2. Citylion1]","[
Godomasta


Rakkwal


Comradenick


Spacevolcano


Iedomatsdraugs


Greenkitten]",,,,,,,[Rakkwal],,,,,[Muffinbomb97],[I vote for Muffinbomb97],,"[Kingcold


Droid


Crimeo]",[Ahrimanne],[I vote for The_Hobbyist.],,,
snowman104,,,,,,,,,,,,,,,,,,,,,,,,,,,,,,,,,,,,,"[1. ProgramMC
2. Godomasta
3. HenryDraton
4. Jecowa
5. KingCold64
6. C4mmo
7. Gantoe
8. Raven/Bienenkoenigin
9. Greenkitten
10. DrChingChongUn
11. Shadow516]",,,,,,,,,,,,,,,,,,,,,,
SouthernBloc,,,,,,,,,,,,,,,,,,,,,,,,,,,,,,,,,,,,,"[1. HenryDraton
2. jecowa
3. Shadow516
4. DrChingChongUn
5. ProgramMC
6. Greenkitten
7. Gantoe
8. Godomasta
9. Raven
10. C4mmo
11. Kingcold64]","[1. Citylion
2. Aimuari 
3. Mazz ]",,,,,,,,,,,,,,,,,,,,,
XSphinxHDX,,,,,,,,,,,,,,,,,,,,,,,,,,,,,,,,,,,,,"[Godomasta
HenryDraton
Raven
Gantoe
ProgramMC
C4mmo
Greenkitten
DrChingChongUn
Shadow516
]",,,,,,,,,,"[1. Ahri
2. Henry
3. Droid
4. Kdeeks
5. Colada
6. Mikey
7. Kingcold
8. Fig]",,,,[C4mmo],[C4Mmo],"[1. Swiss
2. Jecowa
3. Droid
4. Gavjenks
5. Citylion]",,,,,,
ProgramMC,,,,,,,,,,,,,,,,,,,,,,,,,,,,,,,,,,,,,"[1. ProgramMC
2. HenryDraton
3. Godomasta
4. KingCold64
5. Jecowa
6. Gantoe
7. C4mmo
8. Raven/Bienenkoenign
9. Greenkitten
10. DrChingCHongUn]",,,,,,,,"[1. KingCold64
2. Isit2004
3. Asakuun

]",[Rakkwal],"[1. Ahrimanne

2. HenryDraton

3. KingCold64

4. Figasaur 

5. Gantoe_

6. Kdeeks

7. Mikey

8. Colada

9. DroidJoe
]",,,,[Muffinbomb97],[Muffinbomb97],"[
1. SwissAndHam

2. Citylion

3. Gavjenks

4. Jecowa

5. DroidJoe
]",,[Ahrimanne],[The_Hobbyist and Rakkwal],,[ProgramMC],[I vote for Sakuya_lzayoi (Ahrimanne)(Weeb)]
raceman95,,,,,,,,,,,,,,,,,,,,,,,,,,,,,,,,,,,,,"[Godomasta

C4mmo

ProgramMC

KingCold64

Gantoe

Raven

Jecowa

DrChingChongUn

HenryDraton

Greenkitten

Shadow516]",,"[Godo

Rakkwal
]",,"[Rakkwal

jecowa

Crimeo]",,,,"[isit 

Kingcold

asakunn]",,,"[Crimeo

kingcold54

lockeddoor]",,,,,,,,,,,
Busy_Elk,,,,,,,,,,,,,,,,,,,,,,,,,,,,,,,,,,,,,"[ProgramMC

Jecowa

Greenkitten

Godomasta

HenryDraton

Cammo

Gantoe

Kingcold

Raven

DrChingChongUn

Shadow516]",,,,,,,,,,,,,,,,,,,,,,
vali8203,,,,,,,,,,,,,,,,,,,,,,,,,,,,,,,,,,,,,,"[1. Citylion1
2. greenkitten
3. cr0c]",,,,,,,,,,,,,,,,,,,,,
Drachenstien,,,,,,,,,,,,,,,,,,,,,,,,,,,,,,,,,,,,,,[Citylion ],,,,,,,,,,,,,,,,,,,,,
CLaSSiK_KiLLaH,,,,,,,,,,,,,,,,,,,,,,,,,,,,,,,,,,,,,,"[1.) Citylion
2.) Aimuari
3.) Cr0c]",,,,,,,,,,,,,"[C4mmo
]",,,,,,,,
Quinn__x__,,,,,,,,,,,,,,,,,,,,,,,,,,,,,,,,,,,,,,[azkedar],,,,[azkedar],,,,,,,,,,,,,,,,,
SortByNode,,,,,,,,,,,,,,,,,,,,,,,,,,,,,,,,,,,,,,[azkedar],,,,,,,,,,,,,,,,,,,,,
cel_eri,,,,,,,,,,,,,,,,,,,,,,,,,,,,,,,,,,,,,,,"[Godomasta

Rakkwal

ComradeNick]",,,,,"[Gantoe

Figasaur]",,,,,,,,,,,,,,,
TheWindows9,,,,,,,,,,,,,,,,,,,,,,,,,,,,,,,,,,,,,,,[ComradeNick],,,"[Edit: Hantzu, Zachattack, Aimari]",,[Gantoe],,,,,,,,,,,,,,,
EliteDuck,,,,,,,,,,,,,,,,,,,,,,,,,,,,,,,,,,,,,,,"[ComradeNick

-------------------------------------

I will also do the city of MTA a great favor and repost Gayz 4 ComradeNick, as it is actually relevant right now. 

--------------------------------------------

Gayz 4 ComradeNick (to the tune of [Gayz 4 Donald Trump](https://www.youtube.com/watch?v=Zdky6BH_N8s)):

ComradeNick, ComradeNick

ComradeNick, I'm voting for ComradeNick

ComradeNick, ComradeNick

ComradeNick, I'm voting for, voting for ComradeNick

You're looking kinda sexy, Commie (skrt!)

You make me kind of hard (skrt, skrt!), Commie

Comrade is the best, I wanna suck his dick

I love his big vault and I love his juicy tits (skrt!)

Wanna cuddle up in Mumble with you ComradeNick

Maybe kill a couple newfriends (or some antisemites)

I want to text you every day and night, Mr. ComradeNick

Maybe send a couple nudies (Hey, watcha doin')

I wanna lick ya down, head to toe

But I promise I won't touch the hole (unless you want me)

I saw you for the first time on CC

I thought maybe me and you could get kinda freaky (yeah)

Hit that G-spot

Stick your pinkie up my asshole

And if you like it maybe you could try it too (skrt!)

If one finger ain't enough we can go for two

Maybe use a newfriend or a slave too

Commie, drill my ass with a prot set

Make me cum without using my hands on

I love you Commie, you make me cry

Cum in my mouth, cum in my eyes

Cum in my ass, cum on the tip

Cum on my back, cum on my tits

ComradeNick, ComradeNick

ComradeNick, I love you Commie

ComradeNick, ComradeNick

ComradeNick

Let me see that ass, Commie (prra, rra, rra!)

I just want to feel your pulse

With my pinkie in your asshole

You can be my pinkie ring from the Dollar Store

Comrade, I know you want me

I know we're perfect for each other

I know you're alone and you need somebody who understands you and I understand you, Commie

You also need someone who knows how to hit that G-spot.

Those 15 year olds ain't doing shit]",,"[1. DrChingChongUn

2. Cr0c0dile

3. Guiltbot2]",,"[1. Aimuari
2. ChingChongUn
3. WPLibrar
4. Crimeo
5. Godomasta]",,,,,,,,,,,,,,,,
OliScrat418,,,,,,,,,,,,,,,,,,,,,,,,,,,,,,,,,,,,,,,,"[1.  Pirater 
2.  Pirater 
3.  Pirater 
4.  Pirater  again]",,,,,,,,,,,,,,,,,,,
TaylorLCling,,,,,,,,,,,,,,,,,,,,,,,,,,,,,,,,,,,,,,,,,"[1.  **Crimeo (**crimeo**)** 
2.  **jecowa (**jecowa**)** 
3.  **Rakkwal (**Rakkwal**)** 
4.  **GuiltBot2 (**guiltbot2**)** 
5.  **DrChingChongUn (**[/u/EliteDuck](https://www.reddit.com/u/EliteDuck)**)** 
6.  **Higgenbottoms (**[/u/Higgenbottoms](https://www.reddit.com/u/Higgenbottoms)**)** 
7.  **Cr0codile (**[/u/HerrCr0c](https://www.reddit.com/u/HerrCr0c)**)** ]",,,,,,,,,,,,,,,,,,
Keerarae,,,,,,,,,,,,,,,,,,,,,,,,,,,,,,,,,,,,,,,,,"[1. Crimeo
1. Rakkwal
1. jecowa

]",,"[1. Crimeo
1. Aimuari
1. Godomasta]",,,[Rakkwal],[Ahrimanne],,,,,,"[Crimeo

SwissAndHam

Jecowa

Citylion

DroidJoe]","[1. Gavjenks
1. KingCold
1. DroidJoe]",,,,,
guiltbot2,,,,,,,,,,,,,,,,,,,,,,,,,,,,,,,,,,,,,,,,,"[1. Guiltbot2 - the logical choice
2. Crimeo - my fellow computer
3. Rakkwal - doing an okay job
4. Jecowa - seems to be trying at least
5. Cr0codile - only answered the questions of one citizen
6. DrChingChongUn - does not seem to take this seriously
7. Higgenbottoms - does not seem interested in the position anymore]",,"[1. Crimeo - my fellow computer
2. Godomasta - a very logical human
3. DrChingChongUn - hard worker with a strong sense of justice
4. Aimuari - probably evil, might save this one for mayor
5. WPLibrar - last pick for not answering any questions in the debate]",,,,,,,,,,,,,,,,
PC_Lotus,,,,,,,,,,,,,,,,,,,,,,,,,,,,,,,,,,,,,,,,,"[1. DrChingChongUn
Nuff said]",,,,,,,,,,,,,,,,,,
jQjx,,,,,,,,,,,,,,,,,,,,,,,,,,,,,,,,,,,,,,,,,,,"[1. Aimuari
2. Godomasta
3. Crimeo
4. ChingChongUn
5. WPLibrar]",,,,,,,,,,,,,,,,
B52_Pilot,,,,,,,,,,,,,,,,,,,,,,,,,,,,,,,,,,,,,,,,,,,"[1. Godomasta 
2. WPLibrar
3. Aimuari
4. Crimeo
5. ChingChongUn]",,,,,,"[1. Godomasta
2. Cheeto
3. WrongAardvark
4. Cr0c0dile
]",,,,,,,,,,[I vote for Ahri]
Crustifer,,,,,,,,,,,,,,,,,,,,,,,,,,,,,,,,,,,,,,,,,,,,"[Gantoe
also i drop out ]",,[Rakkwal],[1. Ahrimanne],,,,,,"[1. SwissAndHam
2. Crimeo
3. Droid
4. Jecowa
5. CityLion]",,,,,,
Autobot248,,,,,,,,,,,,,,,,,,,,,,,,,,,,,,,,,,,,,,,,,,,,,,"[1. Rakkwal

2. KingCold64

3. Higgenbottoms

4. Citylion

5. DroidJoe]","[1. Ahrimanne

2. Colada

3. KingCold64

4. HenryDraton

5. Mikey

6. Figasaur

7. Kdeeks

8. Gantoe

9. DroidJoe]",,,,,,"[1. SwissAndHam

2. Citylion

3. Gavjenks

4. Jecowa

5. DroidJoe]",[1. KingCold64],,,,,
areyouafraidofthedor,,,,,,,,,,,,,,,,,,,,,,,,,,,,,,,,,,,,,,,,,,,,,,[Rakkwal],"[1; Ahri
2; Henry]",,,,,[I vote C4Mmo.],[1; Crimeo],,,,,,
gthomas4,,,,,,,,,,,,,,,,,,,,,,,,,,,,,,,,,,,,,,,,,,,,,,"[Citylion
]","[1. HenryDraton

2. Gantoe

3. Kdeeks

4. Figasaur

5. DroidJoe

6. KingCold

7. Ahrimanne

8. Mikey

9. Colada]",,,,,,,,,,,,
Jshatney,,,,,,,,,,,,,,,,,,,,,,,,,,,,,,,,,,,,,,,,,,,,,,[Rakkwal. And yes Jecowa I know MtA just voted in instant-runoff voting. I am allowed to edit my vote to rank my choices from most-preferred to least-preferred. ],"[Ahri
Gantoe_
HenryDraton
Kdeeks
Figasaur
DroidJoe
Colada
Mikey
KingCold
]",,,,,,"[1.) Swiss 
2.) Citylion
3.) Gavjenks
4.) Jecowa 
5.) DroidJoe]",,,,,,
Uth32,,,,,,,,,,,,,,,,,,,,,,,,,,,,,,,,,,,,,,,,,,,,,,[Rakkwal],,,,,,[C4Mmo],,,,,,,
WPLibrar2,,,,,,,,,,,,,,,,,,,,,,,,,,,,,,,,,,,,,,,,,,,,,,[Citylion],,,,,[C4Mmo],[C4Mmo],,,[C4MMo],[Rakkwal muffinbomb97],[Rakkwal!],"[I-I don't want to decide betwen ProgramMC and HenryDraton. But I guess it would not make a difference anyhow looking at the curent votes. 

Congratulations to the winner!]",
Ez2clutch,,,,,,,,,,,,,,,,,,,,,,,,,,,,,,,,,,,,,,,,,,,,,,[DroidJoe],,,,,,,,,,,,,
WrongAardvark_,,,,,,,,,,,,,,,,,,,,,,,,,,,,,,,,,,,,,,,,,,,,,,[Rakkwal],,,,,,,,,,,,,
muffinbomb97,,,,,,,,,,,,,,,,,,,,,,,,,,,,,,,,,,,,,,,,,,,,,,"[1.Rakkwal

2.kingcold64

3.higgenbottoms

4.droidjoe

5.citylion]",,,,,[muffinbomb97],[Muffinbomb97],,,[Ahrimanne],"[muffinbomb97

The_hobbyist]",[I vote for myself.],[ProgramMC],
Coni_s2,,,,,,,,,,,,,,,,,,,,,,,,,,,,,,,,,,,,,,,,,,,,,,"[1. Gregy
2. Droidjoe]","[1.Programmc
2.Ahri]",,"[1. Droidjoe
]",,,,"[1.Crimeo
2.Citylion]",,,,,,
_Xavter,,,,,,,,,,,,,,,,,,,,,,,,,,,,,,,,,,,,,,,,,,,,,,,"[1. Ahrimanne

2. Gantoe_

3. Colada

4. KingCold64

5. Kdeeks

6. Mikey

7. Figasaur

8. HenryDraton

9. DroidJoe]",,,,,,"[
1. SwissAndHam

2. Jecowa

3. Citylion

4. Gavjenks

5. DroidJoe
]",,,,,,
Gijahr,,,,,,,,,,,,,,,,,,,,,,,,,,,,,,,,,,,,,,,,,,,,,,,"[1. Ahri
2. Henry
3. Fig
4. KingCold
5. Kdeeks
6. Gantoe
7. Mikey
8. Droid
9. Colada]",,,,,,"[1. Swiss
2. GavJenks
3. Jecowa
4. Citylion
5. Droid]",,[C4mmo],,,,
_Haecceity_,,,,,,,,,,,,,,,,,,,,,,,,,,,,,,,,,,,,,,,,,,,,,,,"[1. HenryDraton
2. Ahrimanne
3. KingCold64
4. Colada
5. Fig
6. Gantoe\_
7. Kdeeks
8. Mikey
9. Droidjoe]",,,,,,"[1. SwissAndHam \<3
2. Jecowa
3. Crimeo
4. Citylion
5. DroidJoe]",,,,,,
ArenaranT,,,,,,,,,,,,,,,,,,,,,,,,,,,,,,,,,,,,,,,,,,,,,,,"[0. Sami

1. Ahrimanne

2. Colada

3. Mikey

4. DroidJoe

5. Gantoe

6. Fig

7. HenryDraton

8. KDeeks]",,,,,,,,,,,,
scrubastevee,,,,,,,,,,,,,,,,,,,,,,,,,,,,,,,,,,,,,,,,,,,,,,,"[1.ahri
2. HenryDraton
3.Gantoe
4. Droid
5.Kdeeks
6.Thedog
7.The parrot
8. Whatever]",,,,,,[Jecowa Citylion Droid Gavjenks swiSS],,,,,,
The_Nirrater,,,,,,,,,,,,,,,,,,,,,,,,,,,,,,,,,,,,,,,,,,,,,,,,,"[1. Godomasta
2. DroidJoe
3. Cheeto
4. WrongAardvark
5. Cr0c0dile]",,,,,,,,,,
Rekvia,,,,,,,,,,,,,,,,,,,,,,,,,,,,,,,,,,,,,,,,,,,,,,,,,,,[C4Mmo],[C4Mmo],,,[C4mmo],[Muffinbomb + Rakkwal],,,
Enygma235711,,,,,,,,,,,,,,,,,,,,,,,,,,,,,,,,,,,,,,,,,,,,,,,,,,,[C4mmo],[C4mmo],,,[C4mmo],[Muffinbomb97 and Rakkwal],[Muffinbomb],,
Njordomir,,,,,,,,,,,,,,,,,,,,,,,,,,,,,,,,,,,,,,,,,,,,,,,,,,,[Muffinbomb97],[Muffinbomb97],,,,,,,[I vote Sakuya_lzayoi (Ahrimanne)]
HeseidBasa,,,,,,,,,,,,,,,,,,,,,,,,,,,,,,,,,,,,,,,,,,,,,,,,,,,[C4mmo],[C4MMO],,,[Ahrimanne],[Muffinbomb97 and the_Hobbyist],[Muffinbomb97],[Godomasta],
sergeirocks100,,,,,,,,,,,,,,,,,,,,,,,,,,,,,,,,,,,,,,,,,,,,,,,,,,,,[i vote for myself],,,,,,,
kk-,,,,,,,,,,,,,,,,,,,,,,,,,,,,,,,,,,,,,,,,,,,,,,,,,,,,,,[KingCold64],,,,,
StateApparatus,,,,,,,,,,,,,,,,,,,,,,,,,,,,,,,,,,,,,,,,,,,,,,,,,,,,,,,[Ahrimanne],[The_Hobbyist and Rakkwal],[Rakkwal],[ProgramMC],
FalloutD00D,,,,,,,,,,,,,,,,,,,,,,,,,,,,,,,,,,,,,,,,,,,,,,,,,,,,,,,[the papacy is staying politically neutral (because the only thing people talk to me nowadays for is voting for their candidate)],"[Muffinbomb97, Rakkwal]",[Tvman so that thief rakkwal isn't elected],[ProgramMC],
Blockbuster_MC,,,,,,,,,,,,,,,,,,,,,,,,,,,,,,,,,,,,,,,,,,,,,,,,,,,,,,,,,,,[I vote for Ahri]
CryptoBlok,,,,,,,,,,,,,,,,,,,,,,,,,,,,,,,,,,,,,,,,,,,,,,,,,,,,,,,,,,,"[I vote for Ahri
]"
LilBubby,,,,,,,,,,,,,,,,,,,,,,,,,,,,,,,,,,,,,,,,,,,,,,,,,,,,,,,,,,,"[I vote for ComradeNick, known ingame as Nikolazo]"
